Workbook
Name inv_3Fios: 'Dados dos Inversores'!$AA$3:$AA$1048518
Name inv_4Fios: 'Dados dos Inversores'!$AB$3:$AB$1048518
Name inv_Altura: 'Dados dos Inversores'!$E$2:$E$1048518
Name inv_Comprimento: 'Dados dos Inversores'!$C$3:$C$1048518
Name inv_CorrCAMax: 'Dados dos Inversores'!$AE$3:$AE$1048518
Name inv_CorrCurtoMPPT: 'Dados dos Inversores'!$X$3:$X$1048518
Name inv_CorrMaxMPPT: 'Dados dos Inversores'!$Y$3:$Y$1048518
Name inv_Dados: 'Dados dos Inversores'!$A$3:$AG$1048518
Name inv_Display: 'Dados dos Inversores'!$J$3:$J$1048518
Name inv_Fabricante: 'Dados dos Inversores'!$B$3:$B$1048518
Name inv_Largura: 'Dados dos Inversores'!$D$3:$D$1048518
Name inv_Led: 'Dados dos Inversores'!$K$3:$K$1048518
Name inv_mod: Inicio!$H$2
Name inv_Modelo: 'Dados dos Inversores'!$A$3:$A$1048518
Name inv_MonoBi: 'Dados dos Inversores'!$Z$3:$Z$1048518
Name inv_Peso: 'Dados dos Inversores'!$F$2:$F$1048518
Name inv_PotMax: 'Dados dos Inversores'!$N$3:$N$1048518
Name inv_potnom: Inicio!$H$3
Name inv_potnom50: Inicio!$H$4
Name inv_PotNominal: 'Dados dos Inversores'!$M$3:$M$1048518
Name inv_QuantMPPT: 'Dados dos Inversores'!$O$3:$O$1048518
Name inv_QuantStrMPPT: 'Dados dos Inversores'!$Q$3:$Q$1048518
Name inv_RS485: 'Dados dos Inversores'!$I$3:$I$1048518
Name inv_TenFLMaxMPPT: 'Dados dos Inversores'!$U$3:$U$1048518
Name inv_TenFLMinMPPT: 'Dados dos Inversores'!$V$3:$V$1048518
Name inv_TenNomCAMax: 'Dados dos Inversores'!$AC$3:$AC$1048518
Name inv_TenNomCAMin: 'Dados dos Inversores'!$AD$3:$AD$1048518
Name inv_TenNomMPPT: 'Dados dos Inversores'!$W$3:$W$1048518
Name inv_TenOpMaxMPPT: 'Dados dos Inversores'!$T$3:$T$1048518
Name inv_TenOpMinMPPT: 'Dados dos Inversores'!$T$3:$T$1048518
Name inv_TenPartMaxMPPT: 'Dados dos Inversores'!$R$3:$R$1048518
Name inv_TenPartMinMPPT: 'Dados dos Inversores'!$S$3:$S$1048518
Name inv_USB: 'Dados dos Inversores'!$L$3:$L$1048518
Name inv_Ventilacao: 'Dados dos Inversores'!$G$3:$G$1048518
Name inv_Wifi: 'Dados dos Inversores'!$H$3:$H$1048518
Name Ipmax_max: Inicio!$E$9
Name Ipmax_STC: Inicio!$E$14
Name Isc_coef: Inicio!$E$16
Name Isc_max: Inicio!$E$8
Name Isc_STC: Inicio!$E$13
Name mod_Altura: 'Dados dos Modulos'!$G$2:$G$1048576
Name mod_CoefCor: 'Dados dos Modulos'!$P$2:$P$1048576
Name mod_CoefPot: 'Dados dos Modulos'!$N$2:$N$1048576
Name mod_CofTen: 'Dados dos Modulos'!$O$2:$O$1048576
Name mod_Comprimento: 'Dados dos Modulos'!$E$2:$E$1048576
Name mod_Dados: 'Dados dos Modulos'!$A$2:$P$1048576
Name mod_EstruturaCristalina: 'Dados dos Modulos'!$D$2:$D$1048576
Name mod_Fabricante: 'Dados dos Modulos'!$B$2:$B$1048576
Name mod_Face: 'Dados dos Modulos'!$C$2:$C$1048576
Name mod_Ipmax: 'Dados dos Modulos'!$M$2:$M$1048576
Name mod_Isc: 'Dados dos Modulos'!$L$2:$L$1048576
Name mod_Largura: 'Dados dos Modulos'!$F$2:$F$1048576
Name mod_mod: Inicio!$E$2
Name mod_Modelo: 'Dados dos Modulos'!$A$2:$A$1048576
Name mod_Peso: 'Dados dos Modulos'!$H$2:$H$1048576
Name mod_PotenciaNominal: 'Dados dos Modulos'!$I$2:$I$1048576
Name mod_Voc: 'Dados dos Modulos'!$J$2:$J$1048576
Name mod_Vpmax: 'Dados dos Modulos'!$K$2:$K$1048576
Name PN_coef: Inicio!$E$17
Name pot_Modulo: Inicio!$E$3

Sheet Compare Inversores
C1: WPV 550 HMM3 | E1: BYD550MLK-36 | G1: JKM555M-72HL4 | I1: JAM66D42-570/MB | K1: CHSM72N(DG)/F-BH-570 | M1: JKM585N 72HL4-V | O1: CHSM78N(DG)/F-BH-635 | Q1: HS-210-B132 DS700 | S1: TSM-710NEG21C.20 | U1: LR5-72HTH-575M
B2: Sobrecarga | C2: Quantidade Máxima | D2: Potência (kWp) | E2: Quantidade Máxima | F2: Potência (kWp) | G2: Quantidade Máxima | H2: Potência (kWp) | I2: Quantidade Máxima | J2: Potência (kWp) | K2: Quantidade Máxima | L2: Potência (kWp) | M2: Quantidade Máxima | N2: Potência (kWp) | O2: Quantidade Máxima | P2: Potência (kWp) | Q2: Quantidade Máxima | R2: Potência (kWp) | S2: Quantidade Máxima | T2: Potência (kWp) | U2: Quantidade Máxima | V2: Potência (kWp)
A3: SIW500G T075 W0 | B3: =VLOOKUP($A3,inv_Dados,13,0)*(1+VLOOKUP($A3,inv_Dados,32,0)/100) -> 160200 | C3: =IF(Formulas!$F27=0,"Não suporta",Formulas!$F27) -> 205 | D3: =Formulas!$F28 -> 112750 | E3: =IF(Formulas!$I27=0,"Não suporta",Formulas!$I27) -> 205 | F3: =Formulas!$I28 -> 112750 | G3: =IF(Formulas!$L27=0,"Não suporta",Formulas!$L27) -> 203 | H3: =Formulas!$L28 -> 112665 | I3: =IF(Formulas!$O27=0,"Não suporta",Formulas!$O27) -> 198 | J3: =Formulas!$O28 -> 112860 | K3: =IF(Formulas!$R27=0,"Não suporta",Formulas!$R27) -> 198 | L3: =Formulas!$R28 -> 112860 | M3: =IF(Formulas!$U27=0,"Não suporta",Formulas!$U27) -> 193 | N3: =Formulas!$U28 -> 112905 | O3: =IF(Formulas!$X27=0,"Não suporta",Formulas!$X27) -> 178 | P3: =Formulas!$X28 -> 113030 | Q3: =IF(Formulas!$AA27=0,"Não suporta",Formulas!$AA27) -> 161 | R3: =Formulas!$AA28 -> 112700 | S3: =IF(Formulas!$AD27=0,"Não suporta",Formulas!$AD27) -> 159 | T3: =Formulas!$AD28 -> 112890 | U3: =IF(Formulas!$AG27=0,"Não suporta",Formulas!$AG27) -> 196 | V3: =Formulas!$AG28 -> 112700
A4: SIW300H M030 W00 | B4: =VLOOKUP($A4,inv_Dados,13,0)*(1+VLOOKUP($A4,inv_Dados,32,0)/100) -> 3450 | C4: =IF(Formulas!$F41=0,"Não suporta",Formulas!$F41) -> 10 | D4: =Formulas!$F42 -> 5500 | E4: =IF(Formulas!$I41=0,"Não suporta",Formulas!$I41) -> 10 | F4: =Formulas!$I42 -> 5500 | G4: =IF(Formulas!$L41=0,"Não suporta",Formulas!$L41) -> 10 | H4: =Formulas!$L42 -> 5550 | I4: =IF(Formulas!$O41=0,"Não suporta",Formulas!$O41) -> 10 | J4: =Formulas!$O42 -> 5700 | K4: =IF(Formulas!$R41=0,"Não suporta",Formulas!$R41) -> 10 | L4: =Formulas!$R42 -> 5700 | M4: =IF(Formulas!$U41=0,"Não suporta",Formulas!$U41) -> 10 | N4: =Formulas!$U42 -> 5850 | O4: =IF(Formulas!$X41=0,"Não suporta",Formulas!$X41) -> 9 | P4: =Formulas!$X42 -> 5715 | Q4: =IF(Formulas!$AA41=0,"Não suporta",Formulas!$AA41) -> Não suporta | R4: =Formulas!$AA42 -> 0 | S4: =IF(Formulas!$AD41=0,"Não suporta",Formulas!$AD41) -> Não suporta | T4: =Formulas!$AD42 -> 0 | U4: =IF(Formulas!$AG41=0,"Não suporta",Formulas!$AG41) -> 10 | V4: =Formulas!$AG42 -> 5750
A5: SIW610 T018 W0 | B5: =VLOOKUP($A5,inv_Dados,13,0)*(1+VLOOKUP($A5,inv_Dados,32,0)/100) -> 23040 | C5: =IF(Formulas!$F55=0,"Não suporta",Formulas!$F55) -> 32 | D5: =Formulas!$F56 -> 17600 | E5: =IF(Formulas!$I55=0,"Não suporta",Formulas!$I55) -> 32 | F5: =Formulas!$I56 -> 17600 | G5: =IF(Formulas!$L55=0,"Não suporta",Formulas!$L55) -> 32 | H5: =Formulas!$L56 -> 17760 | I5: =IF(Formulas!$O55=0,"Não suporta",Formulas!$O55) -> 31 | J5: =Formulas!$O56 -> 17670 | K5: =IF(Formulas!$R55=0,"Não suporta",Formulas!$R55) -> 31 | L5: =Formulas!$R56 -> 17670 | M5: =IF(Formulas!$U55=0,"Não suporta",Formulas!$U55) -> 30 | N5: =Formulas!$U56 -> 17550 | O5: =IF(Formulas!$X55=0,"Não suporta",Formulas!$X55) -> 28 | P5: =Formulas!$X56 -> 17780 | Q5: =IF(Formulas!$AA55=0,"Não suporta",Formulas!$AA55) -> 25 | R5: =Formulas!$AA56 -> 17500 | S5: =IF(Formulas!$AD55=0,"Não suporta",Formulas!$AD55) -> 25 | T5: =Formulas!$AD56 -> 17750 | U5: =IF(Formulas!$AG55=0,"Não suporta",Formulas!$AG55) -> 31 | V5: =Formulas!$AG56 -> 17825
A6: SIW610 T075 W0 | B6: =VLOOKUP($A6,inv_Dados,13,0)*(1+VLOOKUP($A6,inv_Dados,32,0)/100) -> 160500 | C6: =IF(Formulas!$F69=0,"Não suporta",Formulas!$F69) -> 137 | D6: =Formulas!$F70 -> 75350 | E6: =IF(Formulas!$I69=0,"Não suporta",Formulas!$I69) -> 137 | F6: =Formulas!$I70 -> 75350 | G6: =IF(Formulas!$L69=0,"Não suporta",Formulas!$L69) -> 135 | H6: =Formulas!$L70 -> 74925 | I6: =IF(Formulas!$O69=0,"Não suporta",Formulas!$O69) -> 132 | J6: =Formulas!$O70 -> 75240 | K6: =IF(Formulas!$R69=0,"Não suporta",Formulas!$R69) -> 132 | L6: =Formulas!$R70 -> 75240 | M6: =IF(Formulas!$U69=0,"Não suporta",Formulas!$U69) -> 128 | N6: =Formulas!$U70 -> 74880 | O6: =IF(Formulas!$X56=0,"Não suporta",Formulas!$X69) -> 118 | P6: =Formulas!$X70 -> 74930 | Q6: =IF(Formulas!$AA69=0,"Não suporta",Formulas!$AA69) -> 107 | R6: =Formulas!$AA70 -> 74900 | S6: =IF(Formulas!$AD69=0,"Não suporta",Formulas!$AD69) -> 106 | T6: =Formulas!$AD70 -> 75260 | U6: =IF(Formulas!$AG69=0,"Não suporta",Formulas!$AG69) -> 131 | V6: =Formulas!$AG70 -> 75325
A7: T12 | B7: =VLOOKUP($A7,inv_Dados,13,0)*(1+VLOOKUP($A7,inv_Dados,32,0)/100) -> 14088 | C7: =IF(Formulas!$F83=0,"Não suporta",Formulas!$F83) -> 32 | D7: =Formulas!$F84 -> 17600 | E7: =IF(Formulas!$I83=0,"Não suporta",Formulas!$I83) -> 32 | F7: =Formulas!$I84 -> 17600 | G7: =IF(Formulas!$L83=0,"Não suporta",Formulas!$L83) -> 32 | H7: =Formulas!$L84 -> 17760 | I7: =IF(Formulas!$O83=0,"Não suporta",Formulas!$O83) -> Não suporta | J7: =Formulas!$O84 -> 0 | K7: =IF(Formulas!$R83=0,"Não suporta",Formulas!$R83) -> 31 | L7: =Formulas!$R84 -> 17670 | M7: =IF(Formulas!$U83=0,"Não suporta",Formulas!$U83) -> 30 | N7: =Formulas!$U84 -> 17550 | O7: =IF(Formulas!$X83=0,"Não suporta",Formulas!$X83) -> Não suporta | P7: =Formulas!$X84 -> 0 | Q7: =IF(Formulas!$AA83=0,"Não suporta",Formulas!$AA83) -> Não suporta | R7: =Formulas!$AA84 -> 0 | S7: =IF(Formulas!$AD83=0,"Não suporta",Formulas!$AD83) -> Não suporta | T7: =Formulas!$AD84 -> 0 | U7: =IF(Formulas!$AG83=0,"Não suporta",Formulas!$AG83) -> 31 | V7: =Formulas!$AG84 -> 17825
A8: SIW300H M030 L1 | B8: =VLOOKUP($A8,inv_Dados,13,0)*(1+VLOOKUP($A8,inv_Dados,32,0)/100) -> 3450 | C8: =IF(Formulas!$F97=0,"Não suporta",Formulas!$F97) -> 8 | D8: =Formulas!$F98 -> 4400 | E8: =IF(Formulas!$I97=0,"Não suporta",Formulas!$I97) -> 8 | F8: =Formulas!$I98 -> 4400 | G8: =IF(Formulas!$L97=0,"Não suporta",Formulas!$L97) -> 8 | H8: =Formulas!$L98 -> 4440 | I8: =IF(Formulas!$O97=0,"Não suporta",Formulas!$O97) -> Não suporta | J8: =Formulas!$O98 -> 0 | K8: =IF(Formulas!$R97=0,"Não suporta",Formulas!$R97) -> 7 | L8: =Formulas!$R98 -> 3990 | M8: =IF(Formulas!$U97=0,"Não suporta",Formulas!$U97) -> 7 | N8: =Formulas!$U98 -> 4095 | O8: =IF(Formulas!$X97=0,"Não suporta",Formulas!$X97) -> Não suporta | P8: =Formulas!$X98 -> 0 | Q8: =IF(Formulas!$AA97=0,"Não suporta",Formulas!$AA97) -> Não suporta | R8: =Formulas!$AA98 -> 0 | S8: =IF(Formulas!$AD97=0,"Não suporta",Formulas!$AD97) -> Não suporta | T8: =Formulas!$AD98 -> 0 | U8: =IF(Formulas!$AG97=0,"Não suporta",Formulas!$AG97) -> 7 | V8: =Formulas!$AG98 -> 4025
A9: SIW300H M060 L1 | B9: =VLOOKUP($A9,inv_Dados,13,0)*(1+VLOOKUP($A9,inv_Dados,32,0)/100) -> 7620 | C9: =IF(Formulas!$F111=0,"Não suporta",Formulas!$F111) -> 16 | D9: =Formulas!$F112 -> 8800 | E9: =IF(Formulas!$I111=0,"Não suporta",Formulas!$I111) -> 16 | F9: =Formulas!$I112 -> 8800 | G9: =IF(Formulas!$L111=0,"Não suporta",Formulas!$L111) -> 16 | H9: =Formulas!$L112 -> 8880 | I9: =IF(Formulas!$O111=0,"Não suporta",Formulas!$O111) -> Não suporta | J9: =Formulas!$O112 -> 0 | K9: =IF(Formulas!$R111=0,"Não suporta",Formulas!$R111) -> 15 | L9: =Formulas!$R112 -> 8550 | M9: =IF(Formulas!$U111=0,"Não suporta",Formulas!$U111) -> 15 | N9: =Formulas!$U112 -> 8775 | O9: =IF(Formulas!$X111=0,"Não suporta",Formulas!$X111) -> Não suporta | P9: =Formulas!$X112 -> 0 | Q9: =IF(Formulas!$AA111=0,"Não suporta",Formulas!$AA111) -> Não suporta | R9: =Formulas!$AA112 -> 0 | S9: =IF(Formulas!$AD111=0,"Não suporta",Formulas!$AD111) -> Não suporta | T9: =Formulas!$AD112 -> 0 | U9: =IF(Formulas!$AG111=0,"Não suporta",Formulas!$AG111) -> 15 | V9: =Formulas!$AG112 -> 8625
A10: SIW300H M075 W00 | B10: =VLOOKUP($A10,inv_Dados,13,0)*(1+VLOOKUP($A10,inv_Dados,32,0)/100) -> 10056.75 | C10: =IF(Formulas!$F125=0,"Não suporta",Formulas!$F125) -> 20 | D10: =Formulas!$F126 -> 11000 | E10: =IF(Formulas!$I125=0,"Não suporta",Formulas!$I125) -> 20 | F10: =Formulas!$I126 -> 11000 | G10: =IF(Formulas!$L125=0,"Não suporta",Formulas!$L125) -> 20 | H10: =Formulas!$L126 -> 11100 | I10: =IF(Formulas!$O125=0,"Não suporta",Formulas!$O125) -> 19 | J10: =Formulas!$O126 -> 10830 | K10: =IF(Formulas!$R125=0,"Não suporta",Formulas!$R125) -> 19 | L10: =Formulas!$R126 -> 10830 | M10: =IF(Formulas!$U125=0,"Não suporta",Formulas!$U125) -> 19 | N10: =Formulas!$U126 -> 11115 | O10: =IF(Formulas!$X125=0,"Não suporta",Formulas!$X125) -> 17 | P10: =Formulas!$X126 -> 10795 | Q10: =IF(Formulas!$AA125=0,"Não suporta",Formulas!$AA125) -> 16 | R10: =Formulas!$AA126 -> 11200 | S10: =IF(Formulas!$AD125=0,"Não suporta",Formulas!$AD125) -> 15 | T10: =Formulas!$AD126 -> 10650 | U10: =IF(Formulas!$AG125=0,"Não suporta",Formulas!$AG125) -> 19 | V10: =Formulas!$AG126 -> 10925
A11: SIW400G T050 W00 | B11: =VLOOKUP($A11,inv_Dados,13,0)*(1+VLOOKUP($A11,inv_Dados,32,0)/100) -> 91800 | C11: =IF(Formulas!$F139=0,"Não suporta",Formulas!$F139) -> 137 | D11: =Formulas!$F140 -> 75350 | E11: =IF(Formulas!$I139=0,"Não suporta",Formulas!$I139) -> 137 | F11: =Formulas!$I140 -> 75350 | G11: =IF(Formulas!$L139=0,"Não suporta",Formulas!$L139) -> 135 | H11: =Formulas!$L140 -> 74925 | I11: =IF(Formulas!$O139=0,"Não suporta",Formulas!$O139) -> 132 | J11: =Formulas!$O140 -> 75240 | K11: =IF(Formulas!$R139=0,"Não suporta",Formulas!$R139) -> 132 | L11: =Formulas!$R140 -> 75240 | M11: =IF(Formulas!$U139=0,"Não suporta",Formulas!$U139) -> 128 | N11: =Formulas!$U140 -> 74880 | O11: =IF(Formulas!$X139=0,"Não suporta",Formulas!$X139) -> 118 | P11: =Formulas!$X140 -> 74930 | Q11: =IF(Formulas!$AA139=0,"Não suporta",Formulas!$AA139) -> 107 | R11: =Formulas!$AA140 -> 74900 | S11: =IF(Formulas!$AD139=0,"Não suporta",Formulas!$AD139) -> 106 | T11: =Formulas!$AD140 -> 75260 | U11: =IF(Formulas!$AG139=0,"Não suporta",Formulas!$AG139) -> 131 | V11: =Formulas!$AG140 -> 75325
A12: SIW400G T060 W00 | B12: =VLOOKUP($A12,inv_Dados,13,0)*(1+VLOOKUP($A12,inv_Dados,32,0)/100) -> 120180 | C12: =IF(Formulas!$F153=0,"Não suporta",Formulas!$F153) -> 164 | D12: =Formulas!$F154 -> 90200 | E12: =IF(Formulas!$I153=0,"Não suporta",Formulas!$I153) -> 164 | F12: =Formulas!$I154 -> 90200 | G12: =IF(Formulas!$L153=0,"Não suporta",Formulas!$L153) -> 162 | H12: =Formulas!$L154 -> 89910 | I12: =IF(Formulas!$O153=0,"Não suporta",Formulas!$O153) -> 158 | J12: =Formulas!$O154 -> 90060 | K12: =IF(Formulas!$R153=0,"Não suporta",Formulas!$R153) -> 158 | L12: =Formulas!$R154 -> 90060 | M12: =IF(Formulas!$U153=0,"Não suporta",Formulas!$U153) -> 154 | N12: =Formulas!$U154 -> 90090 | O12: =IF(Formulas!$X153=0,"Não suporta",Formulas!$X153) -> 142 | P12: =Formulas!$X154 -> 90170 | Q12: =IF(Formulas!$AA153=0,"Não suporta",Formulas!$AA153) -> 129 | R12: =Formulas!$AA154 -> 90300 | S12: =IF(Formulas!$AD153=0,"Não suporta",Formulas!$AD153) -> 127 | T12: =Formulas!$AD154 -> 90170 | U12: =IF(Formulas!$AG153=0,"Não suporta",Formulas!$AG153) -> 157 | V12: =Formulas!$AG154 -> 90275
B13: =VLOOKUP($A13,inv_Dados,13,0)*(1+VLOOKUP($A13,inv_Dados,32,0)/100) -> #N/A
B14: =VLOOKUP($A14,inv_Dados,13,0)*(1+VLOOKUP($A14,inv_Dados,32,0)/100) -> #N/A
B15: =VLOOKUP($A15,inv_Dados,13,0)*(1+VLOOKUP($A15,inv_Dados,32,0)/100) -> #N/A
B16: =VLOOKUP($A16,inv_Dados,13,0)*(1+VLOOKUP($A16,inv_Dados,32,0)/100) -> #N/A
B17: =VLOOKUP($A17,inv_Dados,13,0)*(1+VLOOKUP($A17,inv_Dados,32,0)/100) -> #N/A
B18: =VLOOKUP($A18,inv_Dados,13,0)*(1+VLOOKUP($A18,inv_Dados,32,0)/100) -> #N/A
B19: =VLOOKUP($A19,inv_Dados,13,0)*(1+VLOOKUP($A19,inv_Dados,32,0)/100) -> #N/A
B20: =VLOOKUP($A20,inv_Dados,13,0)*(1+VLOOKUP($A20,inv_Dados,32,0)/100) -> #N/A
B21: =VLOOKUP($A21,inv_Dados,13,0)*(1+VLOOKUP($A21,inv_Dados,32,0)/100) -> #N/A
B22: =VLOOKUP($A22,inv_Dados,13,0)*(1+VLOOKUP($A22,inv_Dados,32,0)/100) -> #N/A
B23: =VLOOKUP($A23,inv_Dados,13,0)*(1+VLOOKUP($A23,inv_Dados,32,0)/100) -> #N/A
B24: =VLOOKUP($A24,inv_Dados,13,0)*(1+VLOOKUP($A24,inv_Dados,32,0)/100) -> #N/A
... B291: =VLOOKUP($A291,inv_Dados,13,0)*(1+VLOOKUP($A291,inv_Dados,32,0)/100) -> #N/A

Sheet Formulas
E1: Módulos
B2: Ambiente | E2: ='Compare Inversores'!C1 -> WPV 550 HMM3 | H2: ='Compare Inversores'!E1 -> BYD550MLK-36 | K2: ='Compare Inversores'!G1 -> JKM555M-72HL4 | N2: ='Compare Inversores'!I1 -> JAM66D42-570/MB | Q2: ='Compare Inversores'!K1 -> CHSM72N(DG)/F-BH-570 | T2: ='Compare Inversores'!M1 -> JKM585N 72HL4-V | W2: ='Compare Inversores'!O1 -> CHSM78N(DG)/F-BH-635 | Z2: ='Compare Inversores'!Q1 -> HS-210-B132 DS700 | AC2: ='Compare Inversores'!S1 -> TSM-710NEG21C.20 | AF2: ='Compare Inversores'!U1 -> LR5-72HTH-575M
E3: Pôtencia | F3: =VLOOKUP(E$2,mod_Dados,9,0) -> 550 | H3: Pôtencia | I3: =VLOOKUP(H$2,mod_Dados,9,0) -> 550 | K3: Pôtencia | L3: =VLOOKUP(K$2,mod_Dados,9,0) -> 555 | N3: Pôtencia | O3: =VLOOKUP(N$2,mod_Dados,9,0) -> 570 | Q3: Pôtencia | R3: =VLOOKUP(Q$2,mod_Dados,9,0) -> 570 | T3: Pôtencia | U3: =VLOOKUP(T$2,mod_Dados,9,0) -> 585 | W3: Pôtencia | X3: =VLOOKUP(W$2,mod_Dados,9,0) -> 635 | Z3: Pôtencia | AA3: =VLOOKUP(Z$2,mod_Dados,9,0) -> 700 | AC3: Pôtencia | AD3: =VLOOKUP(AC$2,mod_Dados,9,0) -> 710 | AF3: Pôtencia | AG3: =VLOOKUP(AF$2,mod_Dados,9,0) -> 575
B4: Temperatura mínima da célula (°C) | E4: Voc (STC) | F4: =VLOOKUP(E$2,mod_Dados,10,0) -> 49.9 | H4: Voc (STC) | I4: =VLOOKUP(H$2,mod_Dados,10,0) -> 50.32 | K4: Voc (STC) | L4: =VLOOKUP(K$2,mod_Dados,10,0) -> 49.72 | N4: Voc (STC) | O4: =VLOOKUP(N$2,mod_Dados,10,0) -> 47.78 | Q4: Voc (STC) | R4: =VLOOKUP(Q$2,mod_Dados,10,0) -> 50.9 | T4: Voc (STC) | U4: =VLOOKUP(T$2,mod_Dados,10,0) -> 52.47 | W4: Voc (STC) | X4: =VLOOKUP(W$2,mod_Dados,10,0) -> 56.41 | Z4: Voc (STC) | AA4: =VLOOKUP(Z$2,mod_Dados,10,0) -> 49.77 | AC4: Voc (STC) | AD4: =VLOOKUP(AC$2,mod_Dados,10,0) -> 49 | AF4: Voc (STC) | AG4: =VLOOKUP(AF$2,mod_Dados,10,0) -> 52.06
B5: 10 | E5: Vpmax (STC) | F5: =VLOOKUP(E$2,mod_Dados,11,0) -> 41.96 | H5: Vpmax (STC) | I5: =VLOOKUP(H$2,mod_Dados,11,0) -> 42.49 | K5: Vpmax (STC) | L5: =VLOOKUP(K$2,mod_Dados,11,0) -> 40.99 | N5: Vpmax (STC) | O5: =VLOOKUP(N$2,mod_Dados,11,0) -> 40 | Q5: Vpmax (STC) | R5: =VLOOKUP(Q$2,mod_Dados,11,0) -> 42.77 | T5: Vpmax (STC) | U5: =VLOOKUP(T$2,mod_Dados,11,0) -> 43.53 | W5: Vpmax (STC) | X5: =VLOOKUP(W$2,mod_Dados,11,0) -> 46.62 | Z5: Vpmax (STC) | AA5: =VLOOKUP(Z$2,mod_Dados,11,0) -> 41.78 | AC5: Vpmax (STC) | AD5: =VLOOKUP(AC$2,mod_Dados,11,0) -> 40.9 | AF5: Vpmax (STC) | AG5: =VLOOKUP(AF$2,mod_Dados,11,0) -> 43.91
B6: Temperatura máxima da célula (°C) | E6: Isc (STC) | F6: =VLOOKUP(E$2,mod_Dados,12,0) -> 14 | H6: Isc (STC) | I6: =VLOOKUP(H$2,mod_Dados,12,0) -> 13.61 | K6: Isc (STC) | L6: =VLOOKUP(K$2,mod_Dados,12,0) -> 14.12 | N6: Isc (STC) | O6: =VLOOKUP(N$2,mod_Dados,12,0) -> 15.11 | Q6: Isc (STC) | R6: =VLOOKUP(Q$2,mod_Dados,12,0) -> 14.1 | T6: Isc (STC) | U6: =VLOOKUP(T$2,mod_Dados,12,0) -> 14.07 | W6: Isc (STC) | X6: =VLOOKUP(W$2,mod_Dados,12,0) -> 14.27 | Z6: Isc (STC) | AA6: =VLOOKUP(Z$2,mod_Dados,12,0) -> 17.81 | AC6: Isc (STC) | AD6: =VLOOKUP(AC$2,mod_Dados,12,0) -> 18.4 | AF6: Isc (STC) | AG6: =VLOOKUP(AF$2,mod_Dados,12,0) -> 14.14
B7: 50 | E7: Ipmax (STC) | F7: =VLOOKUP(E$2,mod_Dados,13,0) -> 13.11 | H7: Ipmax (STC) | I7: =VLOOKUP(H$2,mod_Dados,13,0) -> 12.94 | K7: Ipmax (STC) | L7: =VLOOKUP(K$2,mod_Dados,13,0) -> 13.54 | N7: Ipmax (STC) | O7: =VLOOKUP(N$2,mod_Dados,13,0) -> 14.25 | Q7: Ipmax (STC) | R7: =VLOOKUP(Q$2,mod_Dados,13,0) -> 13.33 | T7: Ipmax (STC) | U7: =VLOOKUP(T$2,mod_Dados,13,0) -> 13.44 | W7: Ipmax (STC) | X7: =VLOOKUP(W$2,mod_Dados,13,0) -> 13.62 | Z7: Ipmax (STC) | AA7: =VLOOKUP(Z$2,mod_Dados,13,0) -> 16.76 | AC7: Ipmax (STC) | AD7: =VLOOKUP(AC$2,mod_Dados,13,0) -> 17.36 | AF7: Ipmax (STC) | AG7: =VLOOKUP(AF$2,mod_Dados,13,0) -> 13.1
E8: Coef. Temp Voc | F8: =VLOOKUP(E$2,mod_Dados,15,0) -> -0.27 | H8: Coef. Temp Voc | I8: =VLOOKUP(H$2,mod_Dados,15,0) -> -0.3 | K8: Coef. Temp Voc | L8: =VLOOKUP(K$2,mod_Dados,15,0) -> -0.28 | N8: Coef. Temp Voc | O8: =VLOOKUP(N$2,mod_Dados,15,0) -> -0.3 | Q8: Coef. Temp Voc | R8: =VLOOKUP(Q$2,mod_Dados,15,0) -> -0.25 | T8: Coef. Temp Voc | U8: =VLOOKUP(T$2,mod_Dados,15,0) -> -0.29 | W8: Coef. Temp Voc | X8: =VLOOKUP(W$2,mod_Dados,15,0) -> -0.25 | Z8: Coef. Temp Voc | AA8: =VLOOKUP(Z$2,mod_Dados,15,0) -> -0.22 | AC8: Coef. Temp Voc | AD8: =VLOOKUP(AC$2,mod_Dados,15,0) -> -0.29 | AF8: Coef. Temp Voc | AG8: =VLOOKUP(AF$2,mod_Dados,15,0) -> -0.23
B9: Tolerância de potência (%) | E9: Coef. Temp Isc | F9: =VLOOKUP(E$2,mod_Dados,16,0) -> 0.045 | H9: Coef. Temp Isc | I9: =VLOOKUP(H$2,mod_Dados,16,0) -> 0.06 | K9: Coef. Temp Isc | L9: =VLOOKUP(K$2,mod_Dados,16,0) -> 0.048 | N9: Coef. Temp Isc | O9: =VLOOKUP(N$2,mod_Dados,16,0) -> 0.046 | Q9: Coef. Temp Isc | R9: =VLOOKUP(Q$2,mod_Dados,16,0) -> 0.043 | T9: Coef. Temp Isc | U9: =VLOOKUP(T$2,mod_Dados,16,0) -> 0.045 | W9: Coef. Temp Isc | X9: =VLOOKUP(W$2,mod_Dados,16,0) -> 0.043 | Z9: Coef. Temp Isc | AA9: =VLOOKUP(Z$2,mod_Dados,16,0) -> 0.04 | AC9: Coef. Temp Isc | AD9: =VLOOKUP(AC$2,mod_Dados,16,0) -> 0.04 | AF9: Coef. Temp Isc | AG9: =VLOOKUP(AF$2,mod_Dados,16,0) -> 0.05
B10: 0.5
B11: Tolerância de corrente de operação (%) | E11: Tensão mínima de circuito aberto | F11: =F$4*(1+(($B$7-25)*F$8/100)) -> 46.53175 | H11: Tensão mínima de circuito aberto | I11: =I$4*(1+(($B$7-25)*I$8/100)) -> 46.546 | K11: Tensão mínima de circuito aberto | L11: =L$4*(1+(($B$7-25)*L$8/100)) -> 46.2396 | N11: Tensão mínima de circuito aberto | O11: =O$4*(1+(($B$7-25)*O$8/100)) -> 44.1965 | Q11: Tensão mínima de circuito aberto | R11: =R$4*(1+(($B$7-25)*R$8/100)) -> 47.71875 | T11: Tensão mínima de circuito aberto | U11: =U$4*(1+(($B$7-25)*U$8/100)) -> 48.665925 | W11: Tensão mínima de circuito aberto | X11: =X$4*(1+(($B$7-25)*X$8/100)) -> 52.884375 | Z11: Tensão mínima de circuito aberto | AA11: =AA$4*(1+(($B$7-25)*AA$8/100)) -> 47.03265 | AC11: Tensão mínima de circuito aberto | AD11: =AD$4*(1+(($B$7-25)*AD$8/100)) -> 45.4475 | AF11: Tensão mínima de circuito aberto | AG11: =AG$4*(1+(($B$7-25)*AG$8/100)) -> 49.06655
B12: 10 | E12: Tensão máxima de circuito aberto | F12: =F$4*(1+(($B$5-25)*F$8/100)) -> 51.92095 | H12: Tensão máxima de circuito aberto | I12: =I$4*(1+(($B$5-25)*I$8/100)) -> 52.5844 | K12: Tensão máxima de circuito aberto | L12: =L$4*(1+(($B$5-25)*L$8/100)) -> 51.80824 | N12: Tensão máxima de circuito aberto | O12: =O$4*(1+(($B$5-25)*O$8/100)) -> 49.9301 | Q12: Tensão máxima de circuito aberto | R12: =R$4*(1+(($B$5-25)*R$8/100)) -> 52.80875 | T12: Tensão máxima de circuito aberto | U12: =U$4*(1+(($B$5-25)*U$8/100)) -> 54.752445 | W12: Tensão máxima de circuito aberto | X12: =X$4*(1+(($B$5-25)*X$8/100)) -> 58.525375 | Z12: Tensão máxima de circuito aberto | AA12: =AA$4*(1+(($B$5-25)*AA$8/100)) -> 51.41241 | AC12: Tensão máxima de circuito aberto | AD12: =AD$4*(1+(($B$5-25)*AD$8/100)) -> 51.1315 | AF12: Tensão máxima de circuito aberto | AG12: =AG$4*(1+(($B$5-25)*AG$8/100)) -> 53.85607
E13: Tensão mínima em máxima potência | F13: =F$5*(1+(($B$7-25)*F$8/100)) -> 39.1277 | H13: Tensão mínima em máxima potência | I13: =I$5*(1+(($B$7-25)*I$8/100)) -> 39.30325 | K13: Tensão mínima em máxima potência | L13: =L$5*(1+(($B$7-25)*L$8/100)) -> 38.1207 | N13: Tensão mínima em máxima potência | O13: =O$5*(1+(($B$7-25)*O$8/100)) -> 37 | Q13: Tensão mínima em máxima potência | R13: =R$5*(1+(($B$7-25)*R$8/100)) -> 40.096875 | T13: Tensão mínima em máxima potência | U13: =U$5*(1+(($B$7-25)*U$8/100)) -> 40.374075 | W13: Tensão mínima em máxima potência | X13: =X$5*(1+(($B$7-25)*X$8/100)) -> 43.70625 | Z13: Tensão mínima em máxima potência | AA13: =AA$5*(1+(($B$7-25)*AA$8/100)) -> 39.4821 | AC13: Tensão mínima em máxima potência | AD13: =AD$5*(1+(($B$7-25)*AD$8/100)) -> 37.93475 | AF13: Tensão mínima em máxima potência | AG13: =AG$5*(1+(($B$7-25)*AG$8/100)) -> 41.385175
E14: Tensão máxima em máxima potência | F14: =F$5*(1+(($B$5-25)*F$8/100)) -> 43.65938 | H14: Tensão máxima em máxima potência | I14: =I$5*(1+(($B$5-25)*I$8/100)) -> 44.40205 | K14: Tensão máxima em máxima potência | L14: =L$5*(1+(($B$5-25)*L$8/100)) -> 42.71158 | N14: Tensão máxima em máxima potência | O14: =O$5*(1+(($B$5-25)*O$8/100)) -> 41.8 | Q14: Tensão máxima em máxima potência | R14: =R$5*(1+(($B$5-25)*R$8/100)) -> 44.373875 | T14: Tensão máxima em máxima potência | U14: =U$5*(1+(($B$5-25)*U$8/100)) -> 45.423555 | W14: Tensão máxima em máxima potência | X14: =X$5*(1+(($B$5-25)*X$8/100)) -> 48.36825 | Z14: Tensão máxima em máxima potência | AA14: =AA$5*(1+(($B$5-25)*AA$8/100)) -> 43.15874 | AC14: Tensão máxima em máxima potência | AD14: =AD$5*(1+(($B$5-25)*AD$8/100)) -> 42.67915 | AF14: Tensão máxima em máxima potência | AG14: =AG$5*(1+(($B$5-25)*AG$8/100)) -> 45.424895
E15: Corrente máxima de curto-circuito | F15: =F$6*(1+(($B$7-25)*F$9/100)) -> 14.1575 | H15: Corrente máxima de curto-circuito | I15: =I$6*(1+(($B$7-25)*I$9/100)) -> 13.81415 | K15: Corrente máxima de curto-circuito | L15: =L$6*(1+(($B$7-25)*L$9/100)) -> 14.28944 | N15: Corrente máxima de curto-circuito | O15: =O$6*(1+(($B$7-25)*O$9/100)) -> 15.283765 | Q15: Corrente máxima de curto-circuito | R15: =R$6*(1+(($B$7-25)*R$9/100)) -> 14.251575 | T15: Corrente máxima de curto-circuito | U15: =U$6*(1+(($B$7-25)*U$9/100)) -> 14.228288 | W15: Corrente máxima de curto-circuito | X15: =X$6*(1+(($B$7-25)*X$9/100)) -> 14.423402 | Z15: Corrente máxima de curto-circuito | AA15: =AA$6*(1+(($B$7-25)*AA$9/100)) -> 17.9881 | AC15: Corrente máxima de curto-circuito | AD15: =AD$6*(1+(($B$7-25)*AD$9/100)) -> 18.584 | AF15: Corrente máxima de curto-circuito | AG15: =AG$6*(1+(($B$7-25)*AG$9/100)) -> 14.31675
E16: Corrente máxima em máxima potência | F16: =F$7*(1+(($B$7-25)*F$9/100)) -> 13.257487 | H16: Corrente máxima em máxima potência | I16: =I$7*(1+(($B$7-25)*I$9/100)) -> 13.1341 | K16: Corrente máxima em máxima potência | L16: =L$7*(1+(($B$7-25)*L$9/100)) -> 13.70248 | N16: Corrente máxima em máxima potência | O16: =O$7*(1+(($B$7-25)*O$9/100)) -> 14.413875 | Q16: Corrente máxima em máxima potência | R16: =R$7*(1+(($B$7-25)*R$9/100)) -> 13.473298 | T16: Corrente máxima em máxima potência | U16: =U$7*(1+(($B$7-25)*U$9/100)) -> 13.5912 | W16: Corrente máxima em máxima potência | X16: =X$7*(1+(($B$7-25)*X$9/100)) -> 13.766415 | Z16: Corrente máxima em máxima potência | AA16: =AA$7*(1+(($B$7-25)*AA$9/100)) -> 16.9276 | AC16: Corrente máxima em máxima potência | AD16: =AD$7*(1+(($B$7-25)*AD$9/100)) -> 17.5336 | AF16: Corrente máxima em máxima potência | AG16: =AG$7*(1+(($B$7-25)*AG$9/100)) -> 13.26375
A18: INVERSORES | B18: Modelo | C18: ='Compare Inversores'!A$3 -> SIW500G T075 W0 | E18: Quant. Entradas por MPPT | F18: =$C29 -> 2 | H18: Quant. Entradas por MPPT | I18: =$C29 -> 2 | K18: Quant. Entradas por MPPT | L18: =$C29 -> 2 | N18: Quant. Entradas por MPPT | O18: =$C29 -> 2 | Q18: Quant. Entradas por MPPT | R18: =$C29 -> 2 | T18: Quant. Entradas por MPPT | U18: =$C29 -> 2 | W18: Quant. Entradas por MPPT | X18: =$C29 -> 2 | Z18: Quant. Entradas por MPPT | AA18: =$C29 -> 2 | AC18: Quant. Entradas por MPPT | AD18: =$C29 -> 2 | AF18: Quant. Entradas por MPPT | AG18: =$C29 -> 2
B19: Potencia Nominal | C19: =VLOOKUP(C18,inv_Dados,13,0) -> 75000 | E19: Quant. max por MPPT (Isc) | F19: =TRUNC($C27/F$15) -> 2 | H19: Quant. max por MPPT (Isc) | I19: =TRUNC($C27/I$15) -> 2 | K19: Quant. max por MPPT (Isc) | L19: =TRUNC($C27/L$15) -> 2 | N19: Quant. max por MPPT (Isc) | O19: =TRUNC($C27/O$15) -> 2 | Q19: Quant. max por MPPT (Isc) | R19: =TRUNC($C27/R$15) -> 2 | T19: Quant. max por MPPT (Isc) | U19: =TRUNC($C27/U$15) -> 2 | W19: Quant. max por MPPT (Isc) | X19: =TRUNC($C27/X$15) -> 2 | Z19: Quant. max por MPPT (Isc) | AA19: =TRUNC($C27/AA$15) -> 2 | AC19: Quant. max por MPPT (Isc) | AD19: =TRUNC($C27/AD$15) -> 2 | AF19: Quant. max por MPPT (Isc) | AG19: =TRUNC($C27/AG$15) -> 2
B20: Potência com Sobrecarga | C20: =C19*(1+VLOOKUP(C18,inv_Dados,33,0)/100) -> 112500 | E20: Quant. max por MPPT (Ipmax) | F20: =TRUNC($C28*(1+$B$12/100)/F$16) -> 2 | H20: Quant. max por MPPT (Ipmax) | I20: =TRUNC($C28*(1+$B$12/100)/I$16) -> 2 | K20: Quant. max por MPPT (Ipmax) | L20: =TRUNC($C28*(1+$B$12/100)/L$16) -> 2 | N20: Quant. max por MPPT (Ipmax) | O20: =TRUNC($C28*(1+$B$12/100)/O$16) -> 2 | Q20: Quant. max por MPPT (Ipmax) | R20: =TRUNC($C28*(1+$B$12/100)/R$16) -> 2 | T20: Quant. max por MPPT (Ipmax) | U20: =TRUNC($C28*(1+$B$12/100)/U$16) -> 2 | W20: Quant. max por MPPT (Ipmax) | X20: =TRUNC($C28*(1+$B$12/100)/X$16) -> 2 | Z20: Quant. max por MPPT (Ipmax) | AA20: =TRUNC($C28*(1+$B$12/100)/AA$16) -> 1 | AC20: Quant. max por MPPT (Ipmax) | AD20: =TRUNC($C28*(1+$B$12/100)/AD$16) -> 1 | AF20: Quant. max por MPPT (Ipmax) | AG20: =TRUNC($C28*(1+$B$12/100)/AG$16) -> 2
B21: Tensão mínima de entrada | C21: =VLOOKUP(C18,inv_Dados,18,0) -> 200 | E21: Quant. maxima de séries por MPPT | F21: =SMALL(F18:F20,1) -> 2 | H21: Quant. maxima de séries por MPPT | I21: =SMALL(I18:I20,1) -> 2 | K21: Quant. maxima de séries por MPPT | L21: =SMALL(L18:L20,1) -> 2 | N21: Quant. maxima de séries por MPPT | O21: =SMALL(O18:O20,1) -> 2 | Q21: Quant. maxima de séries por MPPT | R21: =SMALL(R18:R20,1) -> 2 | T21: Quant. maxima de séries por MPPT | U21: =SMALL(U18:U20,1) -> 2 | W21: Quant. maxima de séries por MPPT | X21: =SMALL(X18:X20,1) -> 2 | Z21: Quant. maxima de séries por MPPT | AA21: =SMALL(AA18:AA20,1) -> 1 | AC21: Quant. maxima de séries por MPPT | AD21: =SMALL(AD18:AD20,1) -> 1 | AF21: Quant. maxima de séries por MPPT | AG21: =SMALL(AG18:AG20,1) -> 2
B22: Tensão máxima de entrada | C22: =VLOOKUP(C18,inv_Dados,17,0) -> 1100
B23: Tensão mínima de operação | C23: =VLOOKUP(C18,inv_Dados,20,0) -> 200 | E23: Quant. mínima de módulos (Partida) | F23: =ROUNDUP(IF(($C21/F$11)>($C23/F$13),$C21/F$11,$C23/F$13),0) -> 6 | H23: Quant. mínima de módulos (Partida) | I23: =ROUNDUP(IF(($C21/I$11)>($C23/I$13),$C21/I$11,$C23/I$13),0) -> 6 | K23: Quant. mínima de módulos (Partida) | L23: =ROUNDUP(IF(($C21/L$11)>($C23/L$13),$C21/L$11,$C23/L$13),0) -> 6 | N23: Quant. mínima de módulos (Partida) | O23: =ROUNDUP(IF(($C21/O$11)>($C23/O$13),$C21/O$11,$C23/O$13),0) -> 6 | Q23: Quant. mínima de módulos (Partida) | R23: =ROUNDUP(IF(($C21/R$11)>($C23/R$13),$C21/R$11,$C23/R$13),0) -> 5 | T23: Quant. mínima de módulos (Partida) | U23: =ROUNDUP(IF(($C21/U$11)>($C23/U$13),$C21/U$11,$C23/U$13),0) -> 5 | W23: Quant. mínima de módulos (Partida) | X23: =ROUNDUP(IF(($C21/X$11)>($C23/X$13),$C21/X$11,$C23/X$13),0) -> 5 | Z23: Quant. mínima de módulos (Partida) | AA23: =ROUNDUP(IF(($C21/AA$11)>($C23/AA$13),$C21/AA$11,$C23/AA$13),0) -> 6 | AC23: Quant. mínima de módulos (Partida) | AD23: =ROUNDUP(IF(($C21/AD$11)>($C23/AD$13),$C21/AD$11,$C23/AD$13),0) -> 6 | AF23: Quant. mínima de módulos (Partida) | AG23: =ROUNDUP(IF(($C21/AG$11)>($C23/AG$13),$C21/AG$11,$C23/AG$13),0) -> 5
B24: Tensão máxima de operação | C24: =VLOOKUP(C18,inv_Dados,19,0) -> 1000 | E24: Quant. máxima de módulos (Partida) | F24: =TRUNC(IF(($C22/F$12)>($C24/F$14),$C24/F$14,$C22/F$12),0) -> 21 | H24: Quant. máxima de módulos (Partida) | I24: =TRUNC(IF(($C22/I$12)>($C24/I$14),$C24/I$14,$C22/I$12),0) -> 20 | K24: Quant. máxima de módulos (Partida) | L24: =TRUNC(IF(($C22/L$12)>($C24/L$14),$C24/L$14,$C22/L$12),0) -> 21 | N24: Quant. máxima de módulos (Partida) | O24: =TRUNC(IF(($C22/O$12)>($C24/O$14),$C24/O$14,$C22/O$12),0) -> 22 | Q24: Quant. máxima de módulos (Partida) | R24: =TRUNC(IF(($C22/R$12)>($C24/R$14),$C24/R$14,$C22/R$12),0) -> 20 | T24: Quant. máxima de módulos (Partida) | U24: =TRUNC(IF(($C22/U$12)>($C24/U$14),$C24/U$14,$C22/U$12),0) -> 20 | W24: Quant. máxima de módulos (Partida) | X24: =TRUNC(IF(($C22/X$12)>($C24/X$14),$C24/X$14,$C22/X$12),0) -> 18 | Z24: Quant. máxima de módulos (Partida) | AA24: =TRUNC(IF(($C22/AA$12)>($C24/AA$14),$C24/AA$14,$C22/AA$12),0) -> 21 | AC24: Quant. máxima de módulos (Partida) | AD24: =TRUNC(IF(($C22/AD$12)>($C24/AD$14),$C24/AD$14,$C22/AD$12),0) -> 21 | AF24: Quant. máxima de módulos (Partida) | AG24: =TRUNC(IF(($C22/AG$12)>($C24/AG$14),$C24/AG$14,$C22/AG$12),0) -> 20
B25: Tensão mínima em FL (220-230Vac) | C25: =VLOOKUP(C18,inv_Dados,22,0) -> 540 | E25: Quant. mínima em FL | F25: =ROUNDUP(IF(($C25/F$13)>F23,$C25/F$13,F23),0) -> 14 | H25: Quant. mínima em FL | I25: =ROUNDUP(IF(($C25/I$13)>I23,$C25/I$13,I23),0) -> 14 | K25: Quant. mínima em FL | L25: =ROUNDUP(IF(($C25/L$13)>L23,$C25/L$13,L23),0) -> 15 | N25: Quant. mínima em FL | O25: =ROUNDUP(IF(($C25/O$13)>O23,$C25/O$13,O23),0) -> 15 | Q25: Quant. mínima em FL | R25: =ROUNDUP(IF(($C25/R$13)>R23,$C25/R$13,R23),0) -> 14 | T25: Quant. mínima em FL | U25: =ROUNDUP(IF(($C25/U$13)>U23,$C25/U$13,U23),0) -> 14 | W25: Quant. mínima em FL | X25: =ROUNDUP(IF(($C25/X$13)>X23,$C25/X$13,X23),0) -> 13 | Z25: Quant. mínima em FL | AA25: =ROUNDUP(IF(($C25/AA$13)>AA23,$C25/AA$13,AA23),0) -> 14 | AC25: Quant. mínima em FL | AD25: =ROUNDUP(IF(($C25/AD$13)>AD23,$C25/AD$13,AD23),0) -> 15 | AF25: Quant. mínima em FL | AG25: =ROUNDUP(IF(($C25/AG$13)>AG23,$C25/AG$13,AG23),0) -> 14
B26: Tensão máxima em FL (220-230Vac) | C26: =VLOOKUP(C18,inv_Dados,21,0) -> 800 | E26: Quant. máxima em FL | F26: =TRUNC(IF(($C26/F$14)>F24,F24,$C26/F$14),0) -> 18 | H26: Quant. máxima em FL | I26: =TRUNC(IF(($C26/I$14)>I24,I24,$C26/I$14),0) -> 18 | K26: Quant. máxima em FL | L26: =TRUNC(IF(($C26/L$14)>L24,L24,$C26/L$14),0) -> 18 | N26: Quant. máxima em FL | O26: =TRUNC(IF(($C26/O$14)>O24,O24,$C26/O$14),0) -> 19 | Q26: Quant. máxima em FL | R26: =TRUNC(IF(($C26/R$14)>R24,R24,$C26/R$14),0) -> 18 | T26: Quant. máxima em FL | U26: =TRUNC(IF(($C26/U$14)>U24,U24,$C26/U$14),0) -> 17 | W26: Quant. máxima em FL | X26: =TRUNC(IF(($C26/X$14)>X24,X24,$C26/X$14),0) -> 16 | Z26: Quant. máxima em FL | AA26: =TRUNC(IF(($C26/AA$14)>AA24,AA24,$C26/AA$14),0) -> 18 | AC26: Quant. máxima em FL | AD26: =TRUNC(IF(($C26/AD$14)>AD24,AD24,$C26/AD$14),0) -> 18 | AF26: Quant. máxima em FL | AG26: =TRUNC(IF(($C26/AG$14)>AG24,AG24,$C26/AG$14),0) -> 17
B27: Corrente de curto-circuito por MPPT | C27: =VLOOKUP(C18,inv_Dados,24,0) -> 40 | E27: Quant. máxima em Sobrecarga | F27: =IF(($C30*F21*F26*F$3)>($C20*(1+$B$10/100)),INT(($C20*(1+$B$10/100))/F$3),F26*$C30*F21) -> 205 | H27: Quant. máxima em Sobrecarga | I27: =IF(($C30*I21*I26*I$3)>($C20*(1+$B$10/100)),INT(($C20*(1+$B$10/100))/I$3),I26*$C30*I21) -> 205 | K27: Quant. máxima em Sobrecarga | L27: =IF(($C30*L21*L26*L$3)>($C20*(1+$B$10/100)),INT(($C20*(1+$B$10/100))/L$3),L26*$C30*L21) -> 203 | N27: Quant. máxima em Sobrecarga | O27: =IF(($C30*O21*O26*O$3)>($C20*(1+$B$10/100)),INT(($C20*(1+$B$10/100))/O$3),O26*$C30*O21) -> 198 | Q27: Quant. máxima em Sobrecarga | R27: =IF(($C30*R21*R26*R$3)>($C20*(1+$B$10/100)),INT(($C20*(1+$B$10/100))/R$3),R26*$C30*R21) -> 198 | T27: Quant. máxima em Sobrecarga | U27: =IF(($C30*U21*U26*U$3)>($C20*(1+$B$10/100)),INT(($C20*(1+$B$10/100))/U$3),U26*$C30*U21) -> 193 | W27: Quant. máxima em Sobrecarga | X27: =IF(($C30*X21*X26*X$3)>($C20*(1+$B$10/100)),INT(($C20*(1+$B$10/100))/X$3),X26*$C30*X21) -> 178 | Z27: Quant. máxima em Sobrecarga | AA27: =IF(($C30*AA21*AA26*AA$3)>($C20*(1+$B$10/100)),INT(($C20*(1+$B$10/100))/AA$3),AA26*$C30*AA21) -> 161 | AC27: Quant. máxima em Sobrecarga | AD27: =IF(($C30*AD21*AD26*AD$3)>($C20*(1+$B$10/100)),INT(($C20*(1+$B$10/100))/AD$3),AD26*$C30*AD21) -> 159 | AF27: Quant. máxima em Sobrecarga | AG27: =IF(($C30*AG21*AG26*AG$3)>($C20*(1+$B$10/100)),INT(($C20*(1+$B$10/100))/AG$3),AG26*$C30*AG21) -> 196
B28: Corrente max. Operação por MPPT | C28: =VLOOKUP(C18,inv_Dados,25,0) -> 30 | E28: Potencia em kWp | F28: =F27*F$3 -> 112750 | H28: Potencia em kWp | I28: =I27*I$3 -> 112750 | K28: Potencia em kWp | L28: =L27*L$3 -> 112665 | N28: Potencia em kWp | O28: =O27*O$3 -> 112860 | Q28: Potencia em kWp | R28: =R27*R$3 -> 112860 | T28: Potencia em kWp | U28: =U27*U$3 -> 112905 | W28: Potencia em kWp | X28: =X27*X$3 -> 113030 | Z28: Potencia em kWp | AA28: =AA27*AA$3 -> 112700 | AC28: Potencia em kWp | AD28: =AD27*AD$3 -> 112890 | AF28: Potencia em kWp | AG28: =AG27*AG$3 -> 112700
B29: Quant. Entradas por MPPT | C29: =VLOOKUP(C18,inv_Dados,15,0) -> 2
B30: Quant. MPPT | C30: =VLOOKUP(C18,inv_Dados,16,0) -> 10
B32: Modelo | C32: ='Compare Inversores'!A4 -> SIW300H M030 W00 | E32: Quant. Entradas por MPPT | F32: =$C43 -> 1 | H32: Quant. Entradas por MPPT | I32: =$C43 -> 1 | K32: Quant. Entradas por MPPT | L32: =$C43 -> 1 | N32: Quant. Entradas por MPPT | O32: =$C43 -> 1 | Q32: Quant. Entradas por MPPT | R32: =$C43 -> 1 | T32: Quant. Entradas por MPPT | U32: =$C43 -> 1 | W32: Quant. Entradas por MPPT | X32: =$C43 -> 1 | Z32: Quant. Entradas por MPPT | AA32: =$C43 -> 1 | AC32: Quant. Entradas por MPPT | AD32: =$C43 -> 1 | AF32: Quant. Entradas por MPPT | AG32: =$C43 -> 1
B33: Potencia Nominal | C33: =VLOOKUP(C32,inv_Dados,13,0) -> 3000 | E33: Quant. max por MPPT (Isc) | F33: =TRUNC($C41/F$15) -> 1 | H33: Quant. max por MPPT (Isc) | I33: =TRUNC($C41/I$15) -> 1 | K33: Quant. max por MPPT (Isc) | L33: =TRUNC($C41/L$15) -> 1 | N33: Quant. max por MPPT (Isc) | O33: =TRUNC($C41/O$15) -> 1 | Q33: Quant. max por MPPT (Isc) | R33: =TRUNC($C41/R$15) -> 1 | T33: Quant. max por MPPT (Isc) | U33: =TRUNC($C41/U$15) -> 1 | W33: Quant. max por MPPT (Isc) | X33: =TRUNC($C41/X$15) -> 1 | Z33: Quant. max por MPPT (Isc) | AA33: =TRUNC($C41/AA$15) -> 1 | AC33: Quant. max por MPPT (Isc) | AD33: =TRUNC($C41/AD$15) -> 0 | AF33: Quant. max por MPPT (Isc) | AG33: =TRUNC($C41/AG$15) -> 1
B34: Potência com Sobrecarga | C34: =C33*(1+VLOOKUP(C32,inv_Dados,33,0)/100) -> 6000 | E34: Quant. max por MPPT (Ipmax) | F34: =TRUNC($C42*(1+$B$12/100)/F$16) -> 1 | H34: Quant. max por MPPT (Ipmax) | I34: =TRUNC($C42*(1+$B$12/100)/I$16) -> 1 | K34: Quant. max por MPPT (Ipmax) | L34: =TRUNC($C42*(1+$B$12/100)/L$16) -> 1 | N34: Quant. max por MPPT (Ipmax) | O34: =TRUNC($C42*(1+$B$12/100)/O$16) -> 1 | Q34: Quant. max por MPPT (Ipmax) | R34: =TRUNC($C42*(1+$B$12/100)/R$16) -> 1 | T34: Quant. max por MPPT (Ipmax) | U34: =TRUNC($C42*(1+$B$12/100)/U$16) -> 1 | W34: Quant. max por MPPT (Ipmax) | X34: =TRUNC($C42*(1+$B$12/100)/X$16) -> 1 | Z34: Quant. max por MPPT (Ipmax) | AA34: =TRUNC($C42*(1+$B$12/100)/AA$16) -> 0 | AC34: Quant. max por MPPT (Ipmax) | AD34: =TRUNC($C42*(1+$B$12/100)/AD$16) -> 0 | AF34: Quant. max por MPPT (Ipmax) | AG34: =TRUNC($C42*(1+$B$12/100)/AG$16) -> 1
B35: Tensão mínima de entrada | C35: =VLOOKUP(C32,inv_Dados,18,0) -> 100 | E35: Quant. maxima de séries por MPPT | F35: =SMALL(F32:F34,1) -> 1 | H35: Quant. maxima de séries por MPPT | I35: =SMALL(I32:I34,1) -> 1 | K35: Quant. maxima de séries por MPPT | L35: =SMALL(L32:L34,1) -> 1 | N35: Quant. maxima de séries por MPPT | O35: =SMALL(O32:O34,1) -> 1 | Q35: Quant. maxima de séries por MPPT | R35: =SMALL(R32:R34,1) -> 1 | T35: Quant. maxima de séries por MPPT | U35: =SMALL(U32:U34,1) -> 1 | W35: Quant. maxima de séries por MPPT | X35: =SMALL(X32:X34,1) -> 1 | Z35: Quant. maxima de séries por MPPT | AA35: =SMALL(AA32:AA34,1) -> 0 | AC35: Quant. maxima de séries por MPPT | AD35: =SMALL(AD32:AD34,1) -> 0 | AF35: Quant. maxima de séries por MPPT | AG35: =SMALL(AG32:AG34,1) -> 1
B36: Tensão máxima de entrada | C36: =VLOOKUP(C32,inv_Dados,17,0) -> 600
B37: Tensão mínima de operação | C37: =VLOOKUP(C32,inv_Dados,20,0) -> 90 | E37: Quant. mínima de módulos (Partida) | F37: =ROUNDUP(IF(($C35/F$11)>($C37/F$13),$C35/F$11,$C37/F$13),0) -> 3 | H37: Quant. mínima de módulos (Partida) | I37: =ROUNDUP(IF(($C35/I$11)>($C37/I$13),$C35/I$11,$C37/I$13),0) -> 3 | K37: Quant. mínima de módulos (Partida) | L37: =ROUNDUP(IF(($C35/L$11)>($C37/L$13),$C35/L$11,$C37/L$13),0) -> 3 | N37: Quant. mínima de módulos (Partida) | O37: =ROUNDUP(IF(($C35/O$11)>($C37/O$13),$C35/O$11,$C37/O$13),0) -> 3 | Q37: Quant. mínima de módulos (Partida) | R37: =ROUNDUP(IF(($C35/R$11)>($C37/R$13),$C35/R$11,$C37/R$13),0) -> 3 | T37: Quant. mínima de módulos (Partida) | U37: =ROUNDUP(IF(($C35/U$11)>($C37/U$13),$C35/U$11,$C37/U$13),0) -> 3 | W37: Quant. mínima de módulos (Partida) | X37: =ROUNDUP(IF(($C35/X$11)>($C37/X$13),$C35/X$11,$C37/X$13),0) -> 3 | Z37: Quant. mínima de módulos (Partida) | AA37: =ROUNDUP(IF(($C35/AA$11)>($C37/AA$13),$C35/AA$11,$C37/AA$13),0) -> 3 | AC37: Quant. mínima de módulos (Partida) | AD37: =ROUNDUP(IF(($C35/AD$11)>($C37/AD$13),$C35/AD$11,$C37/AD$13),0) -> 3 | AF37: Quant. mínima de módulos (Partida) | AG37: =ROUNDUP(IF(($C35/AG$11)>($C37/AG$13),$C35/AG$11,$C37/AG$13),0) -> 3
B38: Tensão máxima de operação | C38: =VLOOKUP(C32,inv_Dados,19,0) -> 560 | E38: Quant. máxima de módulos (Partida) | F38: =TRUNC(IF(($C36/F$12)>($C38/F$14),$C38/F$14,$C36/F$12),0) -> 11 | H38: Quant. máxima de módulos (Partida) | I38: =TRUNC(IF(($C36/I$12)>($C38/I$14),$C38/I$14,$C36/I$12),0) -> 11 | K38: Quant. máxima de módulos (Partida) | L38: =TRUNC(IF(($C36/L$12)>($C38/L$14),$C38/L$14,$C36/L$12),0) -> 11 | N38: Quant. máxima de módulos (Partida) | O38: =TRUNC(IF(($C36/O$12)>($C38/O$14),$C38/O$14,$C36/O$12),0) -> 12 | Q38: Quant. máxima de módulos (Partida) | R38: =TRUNC(IF(($C36/R$12)>($C38/R$14),$C38/R$14,$C36/R$12),0) -> 11 | T38: Quant. máxima de módulos (Partida) | U38: =TRUNC(IF(($C36/U$12)>($C38/U$14),$C38/U$14,$C36/U$12),0) -> 10 | W38: Quant. máxima de módulos (Partida) | X38: =TRUNC(IF(($C36/X$12)>($C38/X$14),$C38/X$14,$C36/X$12),0) -> 10 | Z38: Quant. máxima de módulos (Partida) | AA38: =TRUNC(IF(($C36/AA$12)>($C38/AA$14),$C38/AA$14,$C36/AA$12),0) -> 11 | AC38: Quant. máxima de módulos (Partida) | AD38: =TRUNC(IF(($C36/AD$12)>($C38/AD$14),$C38/AD$14,$C36/AD$12),0) -> 11 | AF38: Quant. máxima de módulos (Partida) | AG38: =TRUNC(IF(($C36/AG$12)>($C38/AG$14),$C38/AG$14,$C36/AG$12),0) -> 11
B39: Tensão mínima em FL (220-230Vac) | C39: =VLOOKUP(C32,inv_Dados,22,0) -> 90 | E39: Quant. mínima em FL | F39: =ROUNDUP(IF(($C39/F$13)>F37,$C39/F$13,F37),0) -> 3 | H39: Quant. mínima em FL | I39: =ROUNDUP(IF(($C39/I$13)>I37,$C39/I$13,I37),0) -> 3 | K39: Quant. mínima em FL | L39: =ROUNDUP(IF(($C39/L$13)>L37,$C39/L$13,L37),0) -> 3 | N39: Quant. mínima em FL | O39: =ROUNDUP(IF(($C39/O$13)>O37,$C39/O$13,O37),0) -> 3 | Q39: Quant. mínima em FL | R39: =ROUNDUP(IF(($C39/R$13)>R37,$C39/R$13,R37),0) -> 3 | T39: Quant. mínima em FL | U39: =ROUNDUP(IF(($C39/U$13)>U37,$C39/U$13,U37),0) -> 3 | W39: Quant. mínima em FL | X39: =ROUNDUP(IF(($C39/X$13)>X37,$C39/X$13,X37),0) -> 3 | Z39: Quant. mínima em FL | AA39: =ROUNDUP(IF(($C39/AA$13)>AA37,$C39/AA$13,AA37),0) -> 3 | AC39: Quant. mínima em FL | AD39: =ROUNDUP(IF(($C39/AD$13)>AD37,$C39/AD$13,AD37),0) -> 3 | AF39: Quant. mínima em FL | AG39: =ROUNDUP(IF(($C39/AG$13)>AG37,$C39/AG$13,AG37),0) -> 3
B40: Tensão máxima em FL (220-230Vac) | C40: =VLOOKUP(C32,inv_Dados,21,0) -> 560 | E40: Quant. máxima em FL | F40: =TRUNC(IF(($C40/F$14)>F38,F38,$C40/F$14),0) -> 11 | H40: Quant. máxima em FL | I40: =TRUNC(IF(($C40/I$14)>I38,I38,$C40/I$14),0) -> 11 | K40: Quant. máxima em FL | L40: =TRUNC(IF(($C40/L$14)>L38,L38,$C40/L$14),0) -> 11 | N40: Quant. máxima em FL | O40: =TRUNC(IF(($C40/O$14)>O38,O38,$C40/O$14),0) -> 12 | Q40: Quant. máxima em FL | R40: =TRUNC(IF(($C40/R$14)>R38,R38,$C40/R$14),0) -> 11 | T40: Quant. máxima em FL | U40: =TRUNC(IF(($C40/U$14)>U38,U38,$C40/U$14),0) -> 10 | W40: Quant. máxima em FL | X40: =TRUNC(IF(($C40/X$14)>X38,X38,$C40/X$14),0) -> 10 | Z40: Quant. máxima em FL | AA40: =TRUNC(IF(($C40/AA$14)>AA38,AA38,$C40/AA$14),0) -> 11 | AC40: Quant. máxima em FL | AD40: =TRUNC(IF(($C40/AD$14)>AD38,AD38,$C40/AD$14),0) -> 11 | AF40: Quant. máxima em FL | AG40: =TRUNC(IF(($C40/AG$14)>AG38,AG38,$C40/AG$14),0) -> 11
B41: Corrente de curto-circuito por MPPT | C41: =VLOOKUP(C32,inv_Dados,24,0) -> 18 | E41: Quant. máxima em Sobrecarga | F41: =IF(($C44*F35*F40*F$3)>($C34*(1+$B$10/100)),INT(($C34*(1+$B$10/100))/F$3),F40*$C44*F35) -> 10 | H41: Quant. máxima em Sobrecarga | I41: =IF(($C44*I35*I40*I$3)>($C34*(1+$B$10/100)),INT(($C34*(1+$B$10/100))/I$3),I40*$C44*I35) -> 10 | K41: Quant. máxima em Sobrecarga | L41: =IF(($C44*L35*L40*L$3)>($C34*(1+$B$10/100)),INT(($C34*(1+$B$10/100))/L$3),L40*$C44*L35) -> 10 | N41: Quant. máxima em Sobrecarga | O41: =IF(($C44*O35*O40*O$3)>($C34*(1+$B$10/100)),INT(($C34*(1+$B$10/100))/O$3),O40*$C44*O35) -> 10 | Q41: Quant. máxima em Sobrecarga | R41: =IF(($C44*R35*R40*R$3)>($C34*(1+$B$10/100)),INT(($C34*(1+$B$10/100))/R$3),R40*$C44*R35) -> 10 | T41: Quant. máxima em Sobrecarga | U41: =IF(($C44*U35*U40*U$3)>($C34*(1+$B$10/100)),INT(($C34*(1+$B$10/100))/U$3),U40*$C44*U35) -> 10 | W41: Quant. máxima em Sobrecarga | X41: =IF(($C44*X35*X40*X$3)>($C34*(1+$B$10/100)),INT(($C34*(1+$B$10/100))/X$3),X40*$C44*X35) -> 9 | Z41: Quant. máxima em Sobrecarga | AA41: =IF(($C44*AA35*AA40*AA$3)>($C34*(1+$B$10/100)),INT(($C34*(1+$B$10/100))/AA$3),AA40*$C44*AA35) -> 0 | AC41: Quant. máxima em Sobrecarga | AD41: =IF(($C44*AD35*AD40*AD$3)>($C34*(1+$B$10/100)),INT(($C34*(1+$B$10/100))/AD$3),AD40*$C44*AD35) -> 0 | AF41: Quant. máxima em Sobrecarga | AG41: =IF(($C44*AG35*AG40*AG$3)>($C34*(1+$B$10/100)),INT(($C34*(1+$B$10/100))/AG$3),AG40*$C44*AG35) -> 10
B42: Corrente max. Operação por MPPT | C42: =VLOOKUP(C32,inv_Dados,25,0) -> 13.5 | E42: Potencia em kWp | F42: =F41*F$3 -> 5500 | H42: Potencia em kWp | I42: =I41*I$3 -> 5500 | K42: Potencia em kWp | L42: =L41*L$3 -> 5550 | N42: Potencia em kWp | O42: =O41*O$3 -> 5700 | Q42: Potencia em kWp | R42: =R41*R$3 -> 5700 | T42: Potencia em kWp | U42: =U41*U$3 -> 5850 | W42: Potencia em kWp | X42: =X41*X$3 -> 5715 | Z42: Potencia em kWp | AA42: =AA41*AA$3 -> 0 | AC42: Potencia em kWp | AD42: =AD41*AD$3 -> 0 | AF42: Potencia em kWp | AG42: =AG41*AG$3 -> 5750
B43: Quant. Entradas por MPPT | C43: =VLOOKUP(C32,inv_Dados,15,0) -> 1
B44: Quant. MPPT | C44: =VLOOKUP(C32,inv_Dados,16,0) -> 2
B46: Modelo | C46: ='Compare Inversores'!A5 -> SIW610 T018 W0 | E46: Quant. Entradas por MPPT | F46: =$C57 -> 2 | H46: Quant. Entradas por MPPT | I46: =$C57 -> 2 | K46: Quant. Entradas por MPPT | L46: =$C57 -> 2 | N46: Quant. Entradas por MPPT | O46: =$C57 -> 2 | Q46: Quant. Entradas por MPPT | R46: =$C57 -> 2 | T46: Quant. Entradas por MPPT | U46: =$C57 -> 2 | W46: Quant. Entradas por MPPT | X46: =$C57 -> 2 | Z46: Quant. Entradas por MPPT | AA46: =$C57 -> 2 | AC46: Quant. Entradas por MPPT | AD46: =$C57 -> 2 | AF46: Quant. Entradas por MPPT | AG46: =$C57 -> 2
B47: Potencia Nominal | C47: =VLOOKUP(C46,inv_Dados,13,0) -> 18000 | E47: Quant. max por MPPT (Isc) | F47: =TRUNC($C55/F$15) -> 2 | H47: Quant. max por MPPT (Isc) | I47: =TRUNC($C55/I$15) -> 2 | K47: Quant. max por MPPT (Isc) | L47: =TRUNC($C55/L$15) -> 2 | N47: Quant. max por MPPT (Isc) | O47: =TRUNC($C55/O$15) -> 2 | Q47: Quant. max por MPPT (Isc) | R47: =TRUNC($C55/R$15) -> 2 | T47: Quant. max por MPPT (Isc) | U47: =TRUNC($C55/U$15) -> 2 | W47: Quant. max por MPPT (Isc) | X47: =TRUNC($C55/X$15) -> 2 | Z47: Quant. max por MPPT (Isc) | AA47: =TRUNC($C55/AA$15) -> 2 | AC47: Quant. max por MPPT (Isc) | AD47: =TRUNC($C55/AD$15) -> 2 | AF47: Quant. max por MPPT (Isc) | AG47: =TRUNC($C55/AG$15) -> 2
B48: Potência com Sobrecarga | C48: =C47*(1+VLOOKUP(C46,inv_Dados,33,0)/100) -> 18000 | E48: Quant. max por MPPT (Ipmax) | F48: =TRUNC($C56*(1+$B$12/100)/F$16) -> 2 | H48: Quant. max por MPPT (Ipmax) | I48: =TRUNC($C56*(1+$B$12/100)/I$16) -> 2 | K48: Quant. max por MPPT (Ipmax) | L48: =TRUNC($C56*(1+$B$12/100)/L$16) -> 2 | N48: Quant. max por MPPT (Ipmax) | O48: =TRUNC($C56*(1+$B$12/100)/O$16) -> 2 | Q48: Quant. max por MPPT (Ipmax) | R48: =TRUNC($C56*(1+$B$12/100)/R$16) -> 2 | T48: Quant. max por MPPT (Ipmax) | U48: =TRUNC($C56*(1+$B$12/100)/U$16) -> 2 | W48: Quant. max por MPPT (Ipmax) | X48: =TRUNC($C56*(1+$B$12/100)/X$16) -> 2 | Z48: Quant. max por MPPT (Ipmax) | AA48: =TRUNC($C56*(1+$B$12/100)/AA$16) -> 1 | AC48: Quant. max por MPPT (Ipmax) | AD48: =TRUNC($C56*(1+$B$12/100)/AD$16) -> 1 | AF48: Quant. max por MPPT (Ipmax) | AG48: =TRUNC($C56*(1+$B$12/100)/AG$16) -> 2
B49: Tensão mínima de entrada | C49: =VLOOKUP(C46,inv_Dados,18,0) -> 480 | E49: Quant. maxima de séries por MPPT | F49: =SMALL(F46:F48,1) -> 2 | H49: Quant. maxima de séries por MPPT | I49: =SMALL(I46:I48,1) -> 2 | K49: Quant. maxima de séries por MPPT | L49: =SMALL(L46:L48,1) -> 2 | N49: Quant. maxima de séries por MPPT | O49: =SMALL(O46:O48,1) -> 2 | Q49: Quant. maxima de séries por MPPT | R49: =SMALL(R46:R48,1) -> 2 | T49: Quant. maxima de séries por MPPT | U49: =SMALL(U46:U48,1) -> 2 | W49: Quant. maxima de séries por MPPT | X49: =SMALL(X46:X48,1) -> 2 | Z49: Quant. maxima de séries por MPPT | AA49: =SMALL(AA46:AA48,1) -> 1 | AC49: Quant. maxima de séries por MPPT | AD49: =SMALL(AD46:AD48,1) -> 1 | AF49: Quant. maxima de séries por MPPT | AG49: =SMALL(AG46:AG48,1) -> 2
B50: Tensão máxima de entrada | C50: =VLOOKUP(C46,inv_Dados,17,0) -> 1100
B51: Tensão mínima de operação | C51: =VLOOKUP(C46,inv_Dados,20,0) -> 250 | E51: Quant. mínima de módulos (Partida) | F51: =ROUNDUP(IF(($C49/F$11)>($C51/F$13),$C49/F$11,$C51/F$13),0) -> 11 | H51: Quant. mínima de módulos (Partida) | I51: =ROUNDUP(IF(($C49/I$11)>($C51/I$13),$C49/I$11,$C51/I$13),0) -> 11 | K51: Quant. mínima de módulos (Partida) | L51: =ROUNDUP(IF(($C49/L$11)>($C51/L$13),$C49/L$11,$C51/L$13),0) -> 11 | N51: Quant. mínima de módulos (Partida) | O51: =ROUNDUP(IF(($C49/O$11)>($C51/O$13),$C49/O$11,$C51/O$13),0) -> 11 | Q51: Quant. mínima de módulos (Partida) | R51: =ROUNDUP(IF(($C49/R$11)>($C51/R$13),$C49/R$11,$C51/R$13),0) -> 11 | T51: Quant. mínima de módulos (Partida) | U51: =ROUNDUP(IF(($C49/U$11)>($C51/U$13),$C49/U$11,$C51/U$13),0) -> 10 | W51: Quant. mínima de módulos (Partida) | X51: =ROUNDUP(IF(($C49/X$11)>($C51/X$13),$C49/X$11,$C51/X$13),0) -> 10 | Z51: Quant. mínima de módulos (Partida) | AA51: =ROUNDUP(IF(($C49/AA$11)>($C51/AA$13),$C49/AA$11,$C51/AA$13),0) -> 11 | AC51: Quant. mínima de módulos (Partida) | AD51: =ROUNDUP(IF(($C49/AD$11)>($C51/AD$13),$C49/AD$11,$C51/AD$13),0) -> 11 | AF51: Quant. mínima de módulos (Partida) | AG51: =ROUNDUP(IF(($C49/AG$11)>($C51/AG$13),$C49/AG$11,$C51/AG$13),0) -> 10
B52: Tensão máxima de operação | C52: =VLOOKUP(C46,inv_Dados,19,0) -> 950 | E52: Quant. máxima de módulos (Partida) | F52: =TRUNC(IF(($C50/F$12)>($C52/F$14),$C52/F$14,$C50/F$12),0) -> 21 | H52: Quant. máxima de módulos (Partida) | I52: =TRUNC(IF(($C50/I$12)>($C52/I$14),$C52/I$14,$C50/I$12),0) -> 20 | K52: Quant. máxima de módulos (Partida) | L52: =TRUNC(IF(($C50/L$12)>($C52/L$14),$C52/L$14,$C50/L$12),0) -> 21 | N52: Quant. máxima de módulos (Partida) | O52: =TRUNC(IF(($C50/O$12)>($C52/O$14),$C52/O$14,$C50/O$12),0) -> 22 | Q52: Quant. máxima de módulos (Partida) | R52: =TRUNC(IF(($C50/R$12)>($C52/R$14),$C52/R$14,$C50/R$12),0) -> 20 | T52: Quant. máxima de módulos (Partida) | U52: =TRUNC(IF(($C50/U$12)>($C52/U$14),$C52/U$14,$C50/U$12),0) -> 20 | W52: Quant. máxima de módulos (Partida) | X52: =TRUNC(IF(($C50/X$12)>($C52/X$14),$C52/X$14,$C50/X$12),0) -> 18 | Z52: Quant. máxima de módulos (Partida) | AA52: =TRUNC(IF(($C50/AA$12)>($C52/AA$14),$C52/AA$14,$C50/AA$12),0) -> 21 | AC52: Quant. máxima de módulos (Partida) | AD52: =TRUNC(IF(($C50/AD$12)>($C52/AD$14),$C52/AD$14,$C50/AD$12),0) -> 21 | AF52: Quant. máxima de módulos (Partida) | AG52: =TRUNC(IF(($C50/AG$12)>($C52/AG$14),$C52/AG$14,$C50/AG$12),0) -> 20
B53: Tensão mínima em FL (220-230Vac) | C53: =VLOOKUP(C46,inv_Dados,22,0) -> 480 | E53: Quant. mínima em FL | F53: =ROUNDUP(IF(($C53/F$13)>F51,$C53/F$13,F51),0) -> 13 | H53: Quant. mínima em FL | I53: =ROUNDUP(IF(($C53/I$13)>I51,$C53/I$13,I51),0) -> 13 | K53: Quant. mínima em FL | L53: =ROUNDUP(IF(($C53/L$13)>L51,$C53/L$13,L51),0) -> 13 | N53: Quant. mínima em FL | O53: =ROUNDUP(IF(($C53/O$13)>O51,$C53/O$13,O51),0) -> 13 | Q53: Quant. mínima em FL | R53: =ROUNDUP(IF(($C53/R$13)>R51,$C53/R$13,R51),0) -> 12 | T53: Quant. mínima em FL | U53: =ROUNDUP(IF(($C53/U$13)>U51,$C53/U$13,U51),0) -> 12 | W53: Quant. mínima em FL | X53: =ROUNDUP(IF(($C53/X$13)>X51,$C53/X$13,X51),0) -> 11 | Z53: Quant. mínima em FL | AA53: =ROUNDUP(IF(($C53/AA$13)>AA51,$C53/AA$13,AA51),0) -> 13 | AC53: Quant. mínima em FL | AD53: =ROUNDUP(IF(($C53/AD$13)>AD51,$C53/AD$13,AD51),0) -> 13 | AF53: Quant. mínima em FL | AG53: =ROUNDUP(IF(($C53/AG$13)>AG51,$C53/AG$13,AG51),0) -> 12
B54: Tensão máxima em FL (220-230Vac) | C54: =VLOOKUP(C46,inv_Dados,21,0) -> 850 | E54: Quant. máxima em FL | F54: =TRUNC(IF(($C54/F$14)>F52,F52,$C54/F$14),0) -> 19 | H54: Quant. máxima em FL | I54: =TRUNC(IF(($C54/I$14)>I52,I52,$C54/I$14),0) -> 19 | K54: Quant. máxima em FL | L54: =TRUNC(IF(($C54/L$14)>L52,L52,$C54/L$14),0) -> 19 | N54: Quant. máxima em FL | O54: =TRUNC(IF(($C54/O$14)>O52,O52,$C54/O$14),0) -> 20 | Q54: Quant. máxima em FL | R54: =TRUNC(IF(($C54/R$14)>R52,R52,$C54/R$14),0) -> 19 | T54: Quant. máxima em FL | U54: =TRUNC(IF(($C54/U$14)>U52,U52,$C54/U$14),0) -> 18 | W54: Quant. máxima em FL | X54: =TRUNC(IF(($C54/X$14)>X52,X52,$C54/X$14),0) -> 17 | Z54: Quant. máxima em FL | AA54: =TRUNC(IF(($C54/AA$14)>AA52,AA52,$C54/AA$14),0) -> 19 | AC54: Quant. máxima em FL | AD54: =TRUNC(IF(($C54/AD$14)>AD52,AD52,$C54/AD$14),0) -> 19 | AF54: Quant. máxima em FL | AG54: =TRUNC(IF(($C54/AG$14)>AG52,AG52,$C54/AG$14),0) -> 18
B55: Corrente de curto-circuito por MPPT | C55: =VLOOKUP(C46,inv_Dados,24,0) -> 40 | E55: Quant. máxima em Sobrecarga | F55: =IF(($C58*F49*F54*F$3)>($C48*(1+$B$10/100)),INT(($C48*(1+$B$10/100))/F$3),F54*$C58*F49) -> 32 | H55: Quant. máxima em Sobrecarga | I55: =IF(($C58*I49*I54*I$3)>($C48*(1+$B$10/100)),INT(($C48*(1+$B$10/100))/I$3),I54*$C58*I49) -> 32 | K55: Quant. máxima em Sobrecarga | L55: =IF(($C58*L49*L54*L$3)>($C48*(1+$B$10/100)),INT(($C48*(1+$B$10/100))/L$3),L54*$C58*L49) -> 32 | N55: Quant. máxima em Sobrecarga | O55: =IF(($C58*O49*O54*O$3)>($C48*(1+$B$10/100)),INT(($C48*(1+$B$10/100))/O$3),O54*$C58*O49) -> 31 | Q55: Quant. máxima em Sobrecarga | R55: =IF(($C58*R49*R54*R$3)>($C48*(1+$B$10/100)),INT(($C48*(1+$B$10/100))/R$3),R54*$C58*R49) -> 31 | T55: Quant. máxima em Sobrecarga | U55: =IF(($C58*U49*U54*U$3)>($C48*(1+$B$10/100)),INT(($C48*(1+$B$10/100))/U$3),U54*$C58*U49) -> 30 | W55: Quant. máxima em Sobrecarga | X55: =IF(($C58*X49*X54*X$3)>($C48*(1+$B$10/100)),INT(($C48*(1+$B$10/100))/X$3),X54*$C58*X49) -> 28 | Z55: Quant. máxima em Sobrecarga | AA55: =IF(($C58*AA49*AA54*AA$3)>($C48*(1+$B$10/100)),INT(($C48*(1+$B$10/100))/AA$3),AA54*$C58*AA49) -> 25 | AC55: Quant. máxima em Sobrecarga | AD55: =IF(($C58*AD49*AD54*AD$3)>($C48*(1+$B$10/100)),INT(($C48*(1+$B$10/100))/AD$3),AD54*$C58*AD49) -> 25 | AF55: Quant. máxima em Sobrecarga | AG55: =IF(($C58*AG49*AG54*AG$3)>($C48*(1+$B$10/100)),INT(($C48*(1+$B$10/100))/AG$3),AG54*$C58*AG49) -> 31
B56: Corrente max. Operação por MPPT | C56: =VLOOKUP(C46,inv_Dados,25,0) -> 30 | E56: Potencia em kWp | F56: =F55*F$3 -> 17600 | H56: Potencia em kWp | I56: =I55*I$3 -> 17600 | K56: Potencia em kWp | L56: =L55*L$3 -> 17760 | N56: Potencia em kWp | O56: =O55*O$3 -> 17670 | Q56: Potencia em kWp | R56: =R55*R$3 -> 17670 | T56: Potencia em kWp | U56: =U55*U$3 -> 17550 | W56: Potencia em kWp | X56: =X55*X$3 -> 17780 | Z56: Potencia em kWp | AA56: =AA55*AA$3 -> 17500 | AC56: Potencia em kWp | AD56: =AD55*AD$3 -> 17750 | AF56: Potencia em kWp | AG56: =AG55*AG$3 -> 17825
B57: Quant. Entradas por MPPT | C57: =VLOOKUP(C46,inv_Dados,15,0) -> 2
B58: Quant. MPPT | C58: =VLOOKUP(C46,inv_Dados,16,0) -> 2
B60: Modelo | C60: ='Compare Inversores'!A6 -> SIW610 T075 W0 | E60: Quant. Entradas por MPPT | F60: =$C71 -> 2 | H60: Quant. Entradas por MPPT | I60: =$C71 -> 2 | K60: Quant. Entradas por MPPT | L60: =$C71 -> 2 | N60: Quant. Entradas por MPPT | O60: =$C71 -> 2 | Q60: Quant. Entradas por MPPT | R60: =$C71 -> 2 | T60: Quant. Entradas por MPPT | U60: =$C71 -> 2 | W60: Quant. Entradas por MPPT | X60: =$C71 -> 2 | Z60: Quant. Entradas por MPPT | AA60: =$C71 -> 2 | AC60: Quant. Entradas por MPPT | AD60: =$C71 -> 2 | AF60: Quant. Entradas por MPPT | AG60: =$C71 -> 2
B61: Potencia Nominal | C61: =VLOOKUP(C60,inv_Dados,13,0) -> 75000 | E61: Quant. max por MPPT (Isc) | F61: =TRUNC($C69/F$15) -> 2 | H61: Quant. max por MPPT (Isc) | I61: =TRUNC($C69/I$15) -> 2 | K61: Quant. max por MPPT (Isc) | L61: =TRUNC($C69/L$15) -> 2 | N61: Quant. max por MPPT (Isc) | O61: =TRUNC($C69/O$15) -> 2 | Q61: Quant. max por MPPT (Isc) | R61: =TRUNC($C69/R$15) -> 2 | T61: Quant. max por MPPT (Isc) | U61: =TRUNC($C69/U$15) -> 2 | W61: Quant. max por MPPT (Isc) | X61: =TRUNC($C69/X$15) -> 2 | Z61: Quant. max por MPPT (Isc) | AA61: =TRUNC($C69/AA$15) -> 2 | AC61: Quant. max por MPPT (Isc) | AD61: =TRUNC($C69/AD$15) -> 2 | AF61: Quant. max por MPPT (Isc) | AG61: =TRUNC($C69/AG$15) -> 2
B62: Potência com Sobrecarga | C62: =C61*(1+VLOOKUP(C60,inv_Dados,33,0)/100) -> 75000 | E62: Quant. max por MPPT (Ipmax) | F62: =TRUNC($C70*(1+$B$12/100)/F$16) -> 2 | H62: Quant. max por MPPT (Ipmax) | I62: =TRUNC($C70*(1+$B$12/100)/I$16) -> 2 | K62: Quant. max por MPPT (Ipmax) | L62: =TRUNC($C70*(1+$B$12/100)/L$16) -> 2 | N62: Quant. max por MPPT (Ipmax) | O62: =TRUNC($C70*(1+$B$12/100)/O$16) -> 2 | Q62: Quant. max por MPPT (Ipmax) | R62: =TRUNC($C70*(1+$B$12/100)/R$16) -> 2 | T62: Quant. max por MPPT (Ipmax) | U62: =TRUNC($C70*(1+$B$12/100)/U$16) -> 2 | W62: Quant. max por MPPT (Ipmax) | X62: =TRUNC($C70*(1+$B$12/100)/X$16) -> 2 | Z62: Quant. max por MPPT (Ipmax) | AA62: =TRUNC($C70*(1+$B$12/100)/AA$16) -> 1 | AC62: Quant. max por MPPT (Ipmax) | AD62: =TRUNC($C70*(1+$B$12/100)/AD$16) -> 1 | AF62: Quant. max por MPPT (Ipmax) | AG62: =TRUNC($C70*(1+$B$12/100)/AG$16) -> 2
B63: Tensão mínima de entrada | C63: =VLOOKUP(C60,inv_Dados,18,0) -> 480 | E63: Quant. maxima de séries por MPPT | F63: =SMALL(F60:F62,1) -> 2 | H63: Quant. maxima de séries por MPPT | I63: =SMALL(I60:I62,1) -> 2 | K63: Quant. maxima de séries por MPPT | L63: =SMALL(L60:L62,1) -> 2 | N63: Quant. maxima de séries por MPPT | O63: =SMALL(O60:O62,1) -> 2 | Q63: Quant. maxima de séries por MPPT | R63: =SMALL(R60:R62,1) -> 2 | T63: Quant. maxima de séries por MPPT | U63: =SMALL(U60:U62,1) -> 2 | W63: Quant. maxima de séries por MPPT | X63: =SMALL(X60:X62,1) -> 2 | Z63: Quant. maxima de séries por MPPT | AA63: =SMALL(AA60:AA62,1) -> 1 | AC63: Quant. maxima de séries por MPPT | AD63: =SMALL(AD60:AD62,1) -> 1 | AF63: Quant. maxima de séries por MPPT | AG63: =SMALL(AG60:AG62,1) -> 2
B64: Tensão máxima de entrada | C64: =VLOOKUP(C60,inv_Dados,17,0) -> 1100
B65: Tensão mínima de operação | C65: =VLOOKUP(C60,inv_Dados,20,0) -> 250 | E65: Quant. mínima de módulos (Partida) | F65: =ROUNDUP(IF(($C63/F$11)>($C65/F$13),$C63/F$11,$C65/F$13),0) -> 11 | H65: Quant. mínima de módulos (Partida) | I65: =ROUNDUP(IF(($C63/I$11)>($C65/I$13),$C63/I$11,$C65/I$13),0) -> 11 | K65: Quant. mínima de módulos (Partida) | L65: =ROUNDUP(IF(($C63/L$11)>($C65/L$13),$C63/L$11,$C65/L$13),0) -> 11 | N65: Quant. mínima de módulos (Partida) | O65: =ROUNDUP(IF(($C63/O$11)>($C65/O$13),$C63/O$11,$C65/O$13),0) -> 11 | Q65: Quant. mínima de módulos (Partida) | R65: =ROUNDUP(IF(($C63/R$11)>($C65/R$13),$C63/R$11,$C65/R$13),0) -> 11 | T65: Quant. mínima de módulos (Partida) | U65: =ROUNDUP(IF(($C63/U$11)>($C65/U$13),$C63/U$11,$C65/U$13),0) -> 10 | W65: Quant. mínima de módulos (Partida) | X65: =ROUNDUP(IF(($C63/X$11)>($C65/X$13),$C63/X$11,$C65/X$13),0) -> 10 | Z65: Quant. mínima de módulos (Partida) | AA65: =ROUNDUP(IF(($C63/AA$11)>($C65/AA$13),$C63/AA$11,$C65/AA$13),0) -> 11 | AC65: Quant. mínima de módulos (Partida) | AD65: =ROUNDUP(IF(($C63/AD$11)>($C65/AD$13),$C63/AD$11,$C65/AD$13),0) -> 11 | AF65: Quant. mínima de módulos (Partida) | AG65: =ROUNDUP(IF(($C63/AG$11)>($C65/AG$13),$C63/AG$11,$C65/AG$13),0) -> 10
B66: Tensão máxima de operação | C66: =VLOOKUP(C60,inv_Dados,19,0) -> 950 | E66: Quant. máxima de módulos (Partida) | F66: =TRUNC(IF(($C64/F$12)>($C66/F$14),$C66/F$14,$C64/F$12),0) -> 21 | H66: Quant. máxima de módulos (Partida) | I66: =TRUNC(IF(($C64/I$12)>($C66/I$14),$C66/I$14,$C64/I$12),0) -> 20 | K66: Quant. máxima de módulos (Partida) | L66: =TRUNC(IF(($C64/L$12)>($C66/L$14),$C66/L$14,$C64/L$12),0) -> 21 | N66: Quant. máxima de módulos (Partida) | O66: =TRUNC(IF(($C64/O$12)>($C66/O$14),$C66/O$14,$C64/O$12),0) -> 22 | Q66: Quant. máxima de módulos (Partida) | R66: =TRUNC(IF(($C64/R$12)>($C66/R$14),$C66/R$14,$C64/R$12),0) -> 20 | T66: Quant. máxima de módulos (Partida) | U66: =TRUNC(IF(($C64/U$12)>($C66/U$14),$C66/U$14,$C64/U$12),0) -> 20 | W66: Quant. máxima de módulos (Partida) | X66: =TRUNC(IF(($C64/X$12)>($C66/X$14),$C66/X$14,$C64/X$12),0) -> 18 | Z66: Quant. máxima de módulos (Partida) | AA66: =TRUNC(IF(($C64/AA$12)>($C66/AA$14),$C66/AA$14,$C64/AA$12),0) -> 21 | AC66: Quant. máxima de módulos (Partida) | AD66: =TRUNC(IF(($C64/AD$12)>($C66/AD$14),$C66/AD$14,$C64/AD$12),0) -> 21 | AF66: Quant. máxima de módulos (Partida) | AG66: =TRUNC(IF(($C64/AG$12)>($C66/AG$14),$C66/AG$14,$C64/AG$12),0) -> 20
B67: Tensão mínima em FL (220-230Vac) | C67: =VLOOKUP(C60,inv_Dados,22,0) -> 480 | E67: Quant. mínima em FL | F67: =ROUNDUP(IF(($C67/F$13)>F65,$C67/F$13,F65),0) -> 13 | H67: Quant. mínima em FL | I67: =ROUNDUP(IF(($C67/I$13)>I65,$C67/I$13,I65),0) -> 13 | K67: Quant. mínima em FL | L67: =ROUNDUP(IF(($C67/L$13)>L65,$C67/L$13,L65),0) -> 13 | N67: Quant. mínima em FL | O67: =ROUNDUP(IF(($C67/O$13)>O65,$C67/O$13,O65),0) -> 13 | Q67: Quant. mínima em FL | R67: =ROUNDUP(IF(($C67/R$13)>R65,$C67/R$13,R65),0) -> 12 | T67: Quant. mínima em FL | U67: =ROUNDUP(IF(($C67/U$13)>U65,$C67/U$13,U65),0) -> 12 | W67: Quant. mínima em FL | X67: =ROUNDUP(IF(($C67/X$13)>X65,$C67/X$13,X65),0) -> 11 | Z67: Quant. mínima em FL | AA67: =ROUNDUP(IF(($C67/AA$13)>AA65,$C67/AA$13,AA65),0) -> 13 | AC67: Quant. mínima em FL | AD67: =ROUNDUP(IF(($C67/AD$13)>AD65,$C67/AD$13,AD65),0) -> 13 | AF67: Quant. mínima em FL | AG67: =ROUNDUP(IF(($C67/AG$13)>AG65,$C67/AG$13,AG65),0) -> 12
B68: Tensão máxima em FL (220-230Vac) | C68: =VLOOKUP(C60,inv_Dados,21,0) -> 850 | E68: Quant. máxima em FL | F68: =TRUNC(IF(($C68/F$14)>F66,F66,$C68/F$14),0) -> 19 | H68: Quant. máxima em FL | I68: =TRUNC(IF(($C68/I$14)>I66,I66,$C68/I$14),0) -> 19 | K68: Quant. máxima em FL | L68: =TRUNC(IF(($C68/L$14)>L66,L66,$C68/L$14),0) -> 19 | N68: Quant. máxima em FL | O68: =TRUNC(IF(($C68/O$14)>O66,O66,$C68/O$14),0) -> 20 | Q68: Quant. máxima em FL | R68: =TRUNC(IF(($C68/R$14)>R66,R66,$C68/R$14),0) -> 19 | T68: Quant. máxima em FL | U68: =TRUNC(IF(($C68/U$14)>U66,U66,$C68/U$14),0) -> 18 | W68: Quant. máxima em FL | X68: =TRUNC(IF(($C68/X$14)>X66,X66,$C68/X$14),0) -> 17 | Z68: Quant. máxima em FL | AA68: =TRUNC(IF(($C68/AA$14)>AA66,AA66,$C68/AA$14),0) -> 19 | AC68: Quant. máxima em FL | AD68: =TRUNC(IF(($C68/AD$14)>AD66,AD66,$C68/AD$14),0) -> 19 | AF68: Quant. máxima em FL | AG68: =TRUNC(IF(($C68/AG$14)>AG66,AG66,$C68/AG$14),0) -> 18
B69: Corrente de curto-circuito por MPPT | C69: =VLOOKUP(C60,inv_Dados,24,0) -> 40 | E69: Quant. máxima em Sobrecarga | F69: =IF(($C72*F63*F68*F$3)>($C62*(1+$B$10/100)),INT(($C62*(1+$B$10/100))/F$3),F68*$C72*F63) -> 137 | H69: Quant. máxima em Sobrecarga | I69: =IF(($C72*I63*I68*I$3)>($C62*(1+$B$10/100)),INT(($C62*(1+$B$10/100))/I$3),I68*$C72*I63) -> 137 | K69: Quant. máxima em Sobrecarga | L69: =IF(($C72*L63*L68*L$3)>($C62*(1+$B$10/100)),INT(($C62*(1+$B$10/100))/L$3),L68*$C72*L63) -> 135 | N69: Quant. máxima em Sobrecarga | O69: =IF(($C72*O63*O68*O$3)>($C62*(1+$B$10/100)),INT(($C62*(1+$B$10/100))/O$3),O68*$C72*O63) -> 132 | Q69: Quant. máxima em Sobrecarga | R69: =IF(($C72*R63*R68*R$3)>($C62*(1+$B$10/100)),INT(($C62*(1+$B$10/100))/R$3),R68*$C72*R63) -> 132 | T69: Quant. máxima em Sobrecarga | U69: =IF(($C72*U63*U68*U$3)>($C62*(1+$B$10/100)),INT(($C62*(1+$B$10/100))/U$3),U68*$C72*U63) -> 128 | W69: Quant. máxima em Sobrecarga | X69: =IF(($C72*X63*X68*X$3)>($C62*(1+$B$10/100)),INT(($C62*(1+$B$10/100))/X$3),X68*$C72*X63) -> 118 | Z69: Quant. máxima em Sobrecarga | AA69: =IF(($C72*AA63*AA68*AA$3)>($C62*(1+$B$10/100)),INT(($C62*(1+$B$10/100))/AA$3),AA68*$C72*AA63) -> 107 | AC69: Quant. máxima em Sobrecarga | AD69: =IF(($C72*AD63*AD68*AD$3)>($C62*(1+$B$10/100)),INT(($C62*(1+$B$10/100))/AD$3),AD68*$C72*AD63) -> 106 | AF69: Quant. máxima em Sobrecarga | AG69: =IF(($C72*AG63*AG68*AG$3)>($C62*(1+$B$10/100)),INT(($C62*(1+$B$10/100))/AG$3),AG68*$C72*AG63) -> 131
B70: Corrente max. Operação por MPPT | C70: =VLOOKUP(C60,inv_Dados,25,0) -> 30 | E70: Potencia em kWp | F70: =F69*F$3 -> 75350 | H70: Potencia em kWp | I70: =I69*I$3 -> 75350 | K70: Potencia em kWp | L70: =L69*L$3 -> 74925 | N70: Potencia em kWp | O70: =O69*O$3 -> 75240 | Q70: Potencia em kWp | R70: =R69*R$3 -> 75240 | T70: Potencia em kWp | U70: =U69*U$3 -> 74880 | W70: Potencia em kWp | X70: =X69*X$3 -> 74930 | Z70: Potencia em kWp | AA70: =AA69*AA$3 -> 74900 | AC70: Potencia em kWp | AD70: =AD69*AD$3 -> 75260 | AF70: Potencia em kWp | AG70: =AG69*AG$3 -> 75325
B71: Quant. Entradas por MPPT | C71: =VLOOKUP(C60,inv_Dados,15,0) -> 2
B72: Quant. MPPT | C72: =VLOOKUP(C60,inv_Dados,16,0) -> 6
B74: Modelo | C74: ='Compare Inversores'!A7 -> T12 | E74: Quant. Entradas por MPPT | F74: =$C85 -> 1 | H74: Quant. Entradas por MPPT | I74: =$C85 -> 1 | K74: Quant. Entradas por MPPT | L74: =$C85 -> 1 | N74: Quant. Entradas por MPPT | O74: =$C85 -> 1 | Q74: Quant. Entradas por MPPT | R74: =$C85 -> 1 | T74: Quant. Entradas por MPPT | U74: =$C85 -> 1 | W74: Quant. Entradas por MPPT | X74: =$C85 -> 1 | Z74: Quant. Entradas por MPPT | AA74: =$C85 -> 1 | AC74: Quant. Entradas por MPPT | AD74: =$C85 -> 1 | AF74: Quant. Entradas por MPPT | AG74: =$C85 -> 1
B75: Potencia Nominal | C75: =VLOOKUP(C74,inv_Dados,13,0) -> 12000 | E75: Quant. max por MPPT (Isc) | F75: =TRUNC($C83/F$15) -> 1 | H75: Quant. max por MPPT (Isc) | I75: =TRUNC($C83/I$15) -> 1 | K75: Quant. max por MPPT (Isc) | L75: =TRUNC($C83/L$15) -> 1 | N75: Quant. max por MPPT (Isc) | O75: =TRUNC($C83/O$15) -> 1 | Q75: Quant. max por MPPT (Isc) | R75: =TRUNC($C83/R$15) -> 1 | T75: Quant. max por MPPT (Isc) | U75: =TRUNC($C83/U$15) -> 1 | W75: Quant. max por MPPT (Isc) | X75: =TRUNC($C83/X$15) -> 1 | Z75: Quant. max por MPPT (Isc) | AA75: =TRUNC($C83/AA$15) -> 0 | AC75: Quant. max por MPPT (Isc) | AD75: =TRUNC($C83/AD$15) -> 0 | AF75: Quant. max por MPPT (Isc) | AG75: =TRUNC($C83/AG$15) -> 1
B76: Potência com Sobrecarga | C76: =C75*(1+VLOOKUP(C74,inv_Dados,33,0)/100) -> 18000 | E76: Quant. max por MPPT (Ipmax) | F76: =TRUNC($C84*(1+$B$12/100)/F$16) -> 1 | H76: Quant. max por MPPT (Ipmax) | I76: =TRUNC($C84*(1+$B$12/100)/I$16) -> 1 | K76: Quant. max por MPPT (Ipmax) | L76: =TRUNC($C84*(1+$B$12/100)/L$16) -> 1 | N76: Quant. max por MPPT (Ipmax) | O76: =TRUNC($C84*(1+$B$12/100)/O$16) -> 0 | Q76: Quant. max por MPPT (Ipmax) | R76: =TRUNC($C84*(1+$B$12/100)/R$16) -> 1 | T76: Quant. max por MPPT (Ipmax) | U76: =TRUNC($C84*(1+$B$12/100)/U$16) -> 1 | W76: Quant. max por MPPT (Ipmax) | X76: =TRUNC($C84*(1+$B$12/100)/X$16) -> 0 | Z76: Quant. max por MPPT (Ipmax) | AA76: =TRUNC($C84*(1+$B$12/100)/AA$16) -> 0 | AC76: Quant. max por MPPT (Ipmax) | AD76: =TRUNC($C84*(1+$B$12/100)/AD$16) -> 0 | AF76: Quant. max por MPPT (Ipmax) | AG76: =TRUNC($C84*(1+$B$12/100)/AG$16) -> 1
B77: Tensão mínima de entrada | C77: =VLOOKUP(C74,inv_Dados,18,0) -> 180 | E77: Quant. maxima de séries por MPPT | F77: =SMALL(F74:F76,1) -> 1 | H77: Quant. maxima de séries por MPPT | I77: =SMALL(I74:I76,1) -> 1 | K77: Quant. maxima de séries por MPPT | L77: =SMALL(L74:L76,1) -> 1 | N77: Quant. maxima de séries por MPPT | O77: =SMALL(O74:O76,1) -> 0 | Q77: Quant. maxima de séries por MPPT | R77: =SMALL(R74:R76,1) -> 1 | T77: Quant. maxima de séries por MPPT | U77: =SMALL(U74:U76,1) -> 1 | W77: Quant. maxima de séries por MPPT | X77: =SMALL(X74:X76,1) -> 0 | Z77: Quant. maxima de séries por MPPT | AA77: =SMALL(AA74:AA76,1) -> 0 | AC77: Quant. maxima de séries por MPPT | AD77: =SMALL(AD74:AD76,1) -> 0 | AF77: Quant. maxima de séries por MPPT | AG77: =SMALL(AG74:AG76,1) -> 1
B78: Tensão máxima de entrada | C78: =VLOOKUP(C74,inv_Dados,17,0) -> 1100
B79: Tensão mínima de operação | C79: =VLOOKUP(C74,inv_Dados,20,0) -> 160 | E79: Quant. mínima de módulos (Partida) | F79: =ROUNDUP(IF(($C77/F$11)>($C79/F$13),$C77/F$11,$C79/F$13),0) -> 5 | H79: Quant. mínima de módulos (Partida) | I79: =ROUNDUP(IF(($C77/I$11)>($C79/I$13),$C77/I$11,$C79/I$13),0) -> 5 | K79: Quant. mínima de módulos (Partida) | L79: =ROUNDUP(IF(($C77/L$11)>($C79/L$13),$C77/L$11,$C79/L$13),0) -> 5 | N79: Quant. mínima de módulos (Partida) | O79: =ROUNDUP(IF(($C77/O$11)>($C79/O$13),$C77/O$11,$C79/O$13),0) -> 5 | Q79: Quant. mínima de módulos (Partida) | R79: =ROUNDUP(IF(($C77/R$11)>($C79/R$13),$C77/R$11,$C79/R$13),0) -> 4 | T79: Quant. mínima de módulos (Partida) | U79: =ROUNDUP(IF(($C77/U$11)>($C79/U$13),$C77/U$11,$C79/U$13),0) -> 4 | W79: Quant. mínima de módulos (Partida) | X79: =ROUNDUP(IF(($C77/X$11)>($C79/X$13),$C77/X$11,$C79/X$13),0) -> 4 | Z79: Quant. mínima de módulos (Partida) | AA79: =ROUNDUP(IF(($C77/AA$11)>($C79/AA$13),$C77/AA$11,$C79/AA$13),0) -> 5 | AC79: Quant. mínima de módulos (Partida) | AD79: =ROUNDUP(IF(($C77/AD$11)>($C79/AD$13),$C77/AD$11,$C79/AD$13),0) -> 5 | AF79: Quant. mínima de módulos (Partida) | AG79: =ROUNDUP(IF(($C77/AG$11)>($C79/AG$13),$C77/AG$11,$C79/AG$13),0) -> 4
B80: Tensão máxima de operação | C80: =VLOOKUP(C74,inv_Dados,19,0) -> 850 | E80: Quant. máxima de módulos (Partida) | F80: =TRUNC(IF(($C78/F$12)>($C80/F$14),$C80/F$14,$C78/F$12),0) -> 19 | H80: Quant. máxima de módulos (Partida) | I80: =TRUNC(IF(($C78/I$12)>($C80/I$14),$C80/I$14,$C78/I$12),0) -> 19 | K80: Quant. máxima de módulos (Partida) | L80: =TRUNC(IF(($C78/L$12)>($C80/L$14),$C80/L$14,$C78/L$12),0) -> 19 | N80: Quant. máxima de módulos (Partida) | O80: =TRUNC(IF(($C78/O$12)>($C80/O$14),$C80/O$14,$C78/O$12),0) -> 20 | Q80: Quant. máxima de módulos (Partida) | R80: =TRUNC(IF(($C78/R$12)>($C80/R$14),$C80/R$14,$C78/R$12),0) -> 19 | T80: Quant. máxima de módulos (Partida) | U80: =TRUNC(IF(($C78/U$12)>($C80/U$14),$C80/U$14,$C78/U$12),0) -> 18 | W80: Quant. máxima de módulos (Partida) | X80: =TRUNC(IF(($C78/X$12)>($C80/X$14),$C80/X$14,$C78/X$12),0) -> 17 | Z80: Quant. máxima de módulos (Partida) | AA80: =TRUNC(IF(($C78/AA$12)>($C80/AA$14),$C80/AA$14,$C78/AA$12),0) -> 19 | AC80: Quant. máxima de módulos (Partida) | AD80: =TRUNC(IF(($C78/AD$12)>($C80/AD$14),$C80/AD$14,$C78/AD$12),0) -> 19 | AF80: Quant. máxima de módulos (Partida) | AG80: =TRUNC(IF(($C78/AG$12)>($C80/AG$14),$C80/AG$14,$C78/AG$12),0) -> 18
B81: Tensão mínima em FL (220-230Vac) | C81: =VLOOKUP(C74,inv_Dados,22,0) -> 490 | E81: Quant. mínima em FL | F81: =ROUNDUP(IF(($C81/F$13)>F79,$C81/F$13,F79),0) -> 13 | H81: Quant. mínima em FL | I81: =ROUNDUP(IF(($C81/I$13)>I79,$C81/I$13,I79),0) -> 13 | K81: Quant. mínima em FL | L81: =ROUNDUP(IF(($C81/L$13)>L79,$C81/L$13,L79),0) -> 13 | N81: Quant. mínima em FL | O81: =ROUNDUP(IF(($C81/O$13)>O79,$C81/O$13,O79),0) -> 14 | Q81: Quant. mínima em FL | R81: =ROUNDUP(IF(($C81/R$13)>R79,$C81/R$13,R79),0) -> 13 | T81: Quant. mínima em FL | U81: =ROUNDUP(IF(($C81/U$13)>U79,$C81/U$13,U79),0) -> 13 | W81: Quant. mínima em FL | X81: =ROUNDUP(IF(($C81/X$13)>X79,$C81/X$13,X79),0) -> 12 | Z81: Quant. mínima em FL | AA81: =ROUNDUP(IF(($C81/AA$13)>AA79,$C81/AA$13,AA79),0) -> 13 | AC81: Quant. mínima em FL | AD81: =ROUNDUP(IF(($C81/AD$13)>AD79,$C81/AD$13,AD79),0) -> 13 | AF81: Quant. mínima em FL | AG81: =ROUNDUP(IF(($C81/AG$13)>AG79,$C81/AG$13,AG79),0) -> 12
B82: Tensão máxima em FL (220-230Vac) | C82: =VLOOKUP(C74,inv_Dados,21,0) -> 850 | E82: Quant. máxima em FL | F82: =TRUNC(IF(($C82/F$14)>F80,F80,$C82/F$14),0) -> 19 | H82: Quant. máxima em FL | I82: =TRUNC(IF(($C82/I$14)>I80,I80,$C82/I$14),0) -> 19 | K82: Quant. máxima em FL | L82: =TRUNC(IF(($C82/L$14)>L80,L80,$C82/L$14),0) -> 19 | N82: Quant. máxima em FL | O82: =TRUNC(IF(($C82/O$14)>O80,O80,$C82/O$14),0) -> 20 | Q82: Quant. máxima em FL | R82: =TRUNC(IF(($C82/R$14)>R80,R80,$C82/R$14),0) -> 19 | T82: Quant. máxima em FL | U82: =TRUNC(IF(($C82/U$14)>U80,U80,$C82/U$14),0) -> 18 | W82: Quant. máxima em FL | X82: =TRUNC(IF(($C82/X$14)>X80,X80,$C82/X$14),0) -> 17 | Z82: Quant. máxima em FL | AA82: =TRUNC(IF(($C82/AA$14)>AA80,AA80,$C82/AA$14),0) -> 19 | AC82: Quant. máxima em FL | AD82: =TRUNC(IF(($C82/AD$14)>AD80,AD80,$C82/AD$14),0) -> 19 | AF82: Quant. máxima em FL | AG82: =TRUNC(IF(($C82/AG$14)>AG80,AG80,$C82/AG$14),0) -> 18
B83: Corrente de curto-circuito por MPPT | C83: =VLOOKUP(C74,inv_Dados,24,0) -> 16.25 | E83: Quant. máxima em Sobrecarga | F83: =IF(($C86*F77*F82*F$3)>($C76*(1+$B$10/100)),INT(($C76*(1+$B$10/100))/F$3),F82*$C86*F77) -> 32 | H83: Quant. máxima em Sobrecarga | I83: =IF(($C86*I77*I82*I$3)>($C76*(1+$B$10/100)),INT(($C76*(1+$B$10/100))/I$3),I82*$C86*I77) -> 32 | K83: Quant. máxima em Sobrecarga | L83: =IF(($C86*L77*L82*L$3)>($C76*(1+$B$10/100)),INT(($C76*(1+$B$10/100))/L$3),L82*$C86*L77) -> 32 | N83: Quant. máxima em Sobrecarga | O83: =IF(($C86*O77*O82*O$3)>($C76*(1+$B$10/100)),INT(($C76*(1+$B$10/100))/O$3),O82*$C86*O77) -> 0 | Q83: Quant. máxima em Sobrecarga | R83: =IF(($C86*R77*R82*R$3)>($C76*(1+$B$10/100)),INT(($C76*(1+$B$10/100))/R$3),R82*$C86*R77) -> 31 | T83: Quant. máxima em Sobrecarga | U83: =IF(($C86*U77*U82*U$3)>($C76*(1+$B$10/100)),INT(($C76*(1+$B$10/100))/U$3),U82*$C86*U77) -> 30 | W83: Quant. máxima em Sobrecarga | X83: =IF(($C86*X77*X82*X$3)>($C76*(1+$B$10/100)),INT(($C76*(1+$B$10/100))/X$3),X82*$C86*X77) -> 0 | Z83: Quant. máxima em Sobrecarga | AA83: =IF(($C86*AA77*AA82*AA$3)>($C76*(1+$B$10/100)),INT(($C76*(1+$B$10/100))/AA$3),AA82*$C86*AA77) -> 0 | AC83: Quant. máxima em Sobrecarga | AD83: =IF(($C86*AD77*AD82*AD$3)>($C76*(1+$B$10/100)),INT(($C76*(1+$B$10/100))/AD$3),AD82*$C86*AD77) -> 0 | AF83: Quant. máxima em Sobrecarga | AG83: =IF(($C86*AG77*AG82*AG$3)>($C76*(1+$B$10/100)),INT(($C76*(1+$B$10/100))/AG$3),AG82*$C86*AG77) -> 31
B84: Corrente max. Operação por MPPT | C84: =VLOOKUP(C74,inv_Dados,25,0) -> 12.5 | E84: Potencia em kWp | F84: =F83*F$3 -> 17600 | H84: Potencia em kWp | I84: =I83*I$3 -> 17600 | K84: Potencia em kWp | L84: =L83*L$3 -> 17760 | N84: Potencia em kWp | O84: =O83*O$3 -> 0 | Q84: Potencia em kWp | R84: =R83*R$3 -> 17670 | T84: Potencia em kWp | U84: =U83*U$3 -> 17550 | W84: Potencia em kWp | X84: =X83*X$3 -> 0 | Z84: Potencia em kWp | AA84: =AA83*AA$3 -> 0 | AC84: Potencia em kWp | AD84: =AD83*AD$3 -> 0 | AF84: Potencia em kWp | AG84: =AG83*AG$3 -> 17825
B85: Quant. Entradas por MPPT | C85: =VLOOKUP(C74,inv_Dados,15,0) -> 1
B86: Quant. MPPT | C86: =VLOOKUP(C74,inv_Dados,16,0) -> 2
B88: Modelo | C88: ='Compare Inversores'!A8 -> SIW300H M030 L1 | E88: Quant. Entradas por MPPT | F88: =$C99 -> 1 | H88: Quant. Entradas por MPPT | I88: =$C99 -> 1 | K88: Quant. Entradas por MPPT | L88: =$C99 -> 1 | N88: Quant. Entradas por MPPT | O88: =$C99 -> 1 | Q88: Quant. Entradas por MPPT | R88: =$C99 -> 1 | T88: Quant. Entradas por MPPT | U88: =$C99 -> 1 | W88: Quant. Entradas por MPPT | X88: =$C99 -> 1 | Z88: Quant. Entradas por MPPT | AA88: =$C99 -> 1 | AC88: Quant. Entradas por MPPT | AD88: =$C99 -> 1 | AF88: Quant. Entradas por MPPT | AG88: =$C99 -> 1
B89: Potencia Nominal | C89: =VLOOKUP(C88,inv_Dados,13,0) -> 3000 | E89: Quant. max por MPPT (Isc) | F89: =TRUNC($C97/F$15) -> 1 | H89: Quant. max por MPPT (Isc) | I89: =TRUNC($C97/I$15) -> 1 | K89: Quant. max por MPPT (Isc) | L89: =TRUNC($C97/L$15) -> 1 | N89: Quant. max por MPPT (Isc) | O89: =TRUNC($C97/O$15) -> 1 | Q89: Quant. max por MPPT (Isc) | R89: =TRUNC($C97/R$15) -> 1 | T89: Quant. max por MPPT (Isc) | U89: =TRUNC($C97/U$15) -> 1 | W89: Quant. max por MPPT (Isc) | X89: =TRUNC($C97/X$15) -> 1 | Z89: Quant. max por MPPT (Isc) | AA89: =TRUNC($C97/AA$15) -> 1 | AC89: Quant. max por MPPT (Isc) | AD89: =TRUNC($C97/AD$15) -> 0 | AF89: Quant. max por MPPT (Isc) | AG89: =TRUNC($C97/AG$15) -> 1
B90: Potência com Sobrecarga | C90: =C89*(1+VLOOKUP(C88,inv_Dados,33,0)/100) -> 4500 | E90: Quant. max por MPPT (Ipmax) | F90: =TRUNC($C98*(1+$B$12/100)/F$16) -> 1 | H90: Quant. max por MPPT (Ipmax) | I90: =TRUNC($C98*(1+$B$12/100)/I$16) -> 1 | K90: Quant. max por MPPT (Ipmax) | L90: =TRUNC($C98*(1+$B$12/100)/L$16) -> 1 | N90: Quant. max por MPPT (Ipmax) | O90: =TRUNC($C98*(1+$B$12/100)/O$16) -> 0 | Q90: Quant. max por MPPT (Ipmax) | R90: =TRUNC($C98*(1+$B$12/100)/R$16) -> 1 | T90: Quant. max por MPPT (Ipmax) | U90: =TRUNC($C98*(1+$B$12/100)/U$16) -> 1 | W90: Quant. max por MPPT (Ipmax) | X90: =TRUNC($C98*(1+$B$12/100)/X$16) -> 0 | Z90: Quant. max por MPPT (Ipmax) | AA90: =TRUNC($C98*(1+$B$12/100)/AA$16) -> 0 | AC90: Quant. max por MPPT (Ipmax) | AD90: =TRUNC($C98*(1+$B$12/100)/AD$16) -> 0 | AF90: Quant. max por MPPT (Ipmax) | AG90: =TRUNC($C98*(1+$B$12/100)/AG$16) -> 1
B91: Tensão mínima de entrada | C91: =VLOOKUP(C88,inv_Dados,18,0) -> 100 | E91: Quant. maxima de séries por MPPT | F91: =SMALL(F88:F90,1) -> 1 | H91: Quant. maxima de séries por MPPT | I91: =SMALL(I88:I90,1) -> 1 | K91: Quant. maxima de séries por MPPT | L91: =SMALL(L88:L90,1) -> 1 | N91: Quant. maxima de séries por MPPT | O91: =SMALL(O88:O90,1) -> 0 | Q91: Quant. maxima de séries por MPPT | R91: =SMALL(R88:R90,1) -> 1 | T91: Quant. maxima de séries por MPPT | U91: =SMALL(U88:U90,1) -> 1 | W91: Quant. maxima de séries por MPPT | X91: =SMALL(X88:X90,1) -> 0 | Z91: Quant. maxima de séries por MPPT | AA91: =SMALL(AA88:AA90,1) -> 0 | AC91: Quant. maxima de séries por MPPT | AD91: =SMALL(AD88:AD90,1) -> 0 | AF91: Quant. maxima de séries por MPPT | AG91: =SMALL(AG88:AG90,1) -> 1
B92: Tensão máxima de entrada | C92: =VLOOKUP(C88,inv_Dados,17,0) -> 600
B93: Tensão mínima de operação | C93: =VLOOKUP(C88,inv_Dados,20,0) -> 90 | E93: Quant. mínima de módulos (Partida) | F93: =ROUNDUP(IF(($C91/F$11)>($C93/F$13),$C91/F$11,$C93/F$13),0) -> 3 | H93: Quant. mínima de módulos (Partida) | I93: =ROUNDUP(IF(($C91/I$11)>($C93/I$13),$C91/I$11,$C93/I$13),0) -> 3 | K93: Quant. mínima de módulos (Partida) | L93: =ROUNDUP(IF(($C91/L$11)>($C93/L$13),$C91/L$11,$C93/L$13),0) -> 3 | N93: Quant. mínima de módulos (Partida) | O93: =ROUNDUP(IF(($C91/O$11)>($C93/O$13),$C91/O$11,$C93/O$13),0) -> 3 | Q93: Quant. mínima de módulos (Partida) | R93: =ROUNDUP(IF(($C91/R$11)>($C93/R$13),$C91/R$11,$C93/R$13),0) -> 3 | T93: Quant. mínima de módulos (Partida) | U93: =ROUNDUP(IF(($C91/U$11)>($C93/U$13),$C91/U$11,$C93/U$13),0) -> 3 | W93: Quant. mínima de módulos (Partida) | X93: =ROUNDUP(IF(($C91/X$11)>($C93/X$13),$C91/X$11,$C93/X$13),0) -> 3 | Z93: Quant. mínima de módulos (Partida) | AA93: =ROUNDUP(IF(($C91/AA$11)>($C93/AA$13),$C91/AA$11,$C93/AA$13),0) -> 3 | AC93: Quant. mínima de módulos (Partida) | AD93: =ROUNDUP(IF(($C91/AD$11)>($C93/AD$13),$C91/AD$11,$C93/AD$13),0) -> 3 | AF93: Quant. mínima de módulos (Partida) | AG93: =ROUNDUP(IF(($C91/AG$11)>($C93/AG$13),$C91/AG$11,$C93/AG$13),0) -> 3
B94: Tensão máxima de operação | C94: =VLOOKUP(C88,inv_Dados,19,0) -> 600 | E94: Quant. máxima de módulos (Partida) | F94: =TRUNC(IF(($C92/F$12)>($C94/F$14),$C94/F$14,$C92/F$12),0) -> 11 | H94: Quant. máxima de módulos (Partida) | I94: =TRUNC(IF(($C92/I$12)>($C94/I$14),$C94/I$14,$C92/I$12),0) -> 11 | K94: Quant. máxima de módulos (Partida) | L94: =TRUNC(IF(($C92/L$12)>($C94/L$14),$C94/L$14,$C92/L$12),0) -> 11 | N94: Quant. máxima de módulos (Partida) | O94: =TRUNC(IF(($C92/O$12)>($C94/O$14),$C94/O$14,$C92/O$12),0) -> 12 | Q94: Quant. máxima de módulos (Partida) | R94: =TRUNC(IF(($C92/R$12)>($C94/R$14),$C94/R$14,$C92/R$12),0) -> 11 | T94: Quant. máxima de módulos (Partida) | U94: =TRUNC(IF(($C92/U$12)>($C94/U$14),$C94/U$14,$C92/U$12),0) -> 10 | W94: Quant. máxima de módulos (Partida) | X94: =TRUNC(IF(($C92/X$12)>($C94/X$14),$C94/X$14,$C92/X$12),0) -> 10 | Z94: Quant. máxima de módulos (Partida) | AA94: =TRUNC(IF(($C92/AA$12)>($C94/AA$14),$C94/AA$14,$C92/AA$12),0) -> 11 | AC94: Quant. máxima de módulos (Partida) | AD94: =TRUNC(IF(($C92/AD$12)>($C94/AD$14),$C94/AD$14,$C92/AD$12),0) -> 11 | AF94: Quant. máxima de módulos (Partida) | AG94: =TRUNC(IF(($C92/AG$12)>($C94/AG$14),$C94/AG$14,$C92/AG$12),0) -> 11
B95: Tensão mínima em FL (220-230Vac) | C95: =VLOOKUP(C88,inv_Dados,22,0) -> 90 | E95: Quant. mínima em FL | F95: =ROUNDUP(IF(($C95/F$13)>F93,$C95/F$13,F93),0) -> 3 | H95: Quant. mínima em FL | I95: =ROUNDUP(IF(($C95/I$13)>I93,$C95/I$13,I93),0) -> 3 | K95: Quant. mínima em FL | L95: =ROUNDUP(IF(($C95/L$13)>L93,$C95/L$13,L93),0) -> 3 | N95: Quant. mínima em FL | O95: =ROUNDUP(IF(($C95/O$13)>O93,$C95/O$13,O93),0) -> 3 | Q95: Quant. mínima em FL | R95: =ROUNDUP(IF(($C95/R$13)>R93,$C95/R$13,R93),0) -> 3 | T95: Quant. mínima em FL | U95: =ROUNDUP(IF(($C95/U$13)>U93,$C95/U$13,U93),0) -> 3 | W95: Quant. mínima em FL | X95: =ROUNDUP(IF(($C95/X$13)>X93,$C95/X$13,X93),0) -> 3 | Z95: Quant. mínima em FL | AA95: =ROUNDUP(IF(($C95/AA$13)>AA93,$C95/AA$13,AA93),0) -> 3 | AC95: Quant. mínima em FL | AD95: =ROUNDUP(IF(($C95/AD$13)>AD93,$C95/AD$13,AD93),0) -> 3 | AF95: Quant. mínima em FL | AG95: =ROUNDUP(IF(($C95/AG$13)>AG93,$C95/AG$13,AG93),0) -> 3
B96: Tensão máxima em FL (220-230Vac) | C96: =VLOOKUP(C88,inv_Dados,21,0) -> 560 | E96: Quant. máxima em FL | F96: =TRUNC(IF(($C96/F$14)>F94,F94,$C96/F$14),0) -> 11 | H96: Quant. máxima em FL | I96: =TRUNC(IF(($C96/I$14)>I94,I94,$C96/I$14),0) -> 11 | K96: Quant. máxima em FL | L96: =TRUNC(IF(($C96/L$14)>L94,L94,$C96/L$14),0) -> 11 | N96: Quant. máxima em FL | O96: =TRUNC(IF(($C96/O$14)>O94,O94,$C96/O$14),0) -> 12 | Q96: Quant. máxima em FL | R96: =TRUNC(IF(($C96/R$14)>R94,R94,$C96/R$14),0) -> 11 | T96: Quant. máxima em FL | U96: =TRUNC(IF(($C96/U$14)>U94,U94,$C96/U$14),0) -> 10 | W96: Quant. máxima em FL | X96: =TRUNC(IF(($C96/X$14)>X94,X94,$C96/X$14),0) -> 10 | Z96: Quant. máxima em FL | AA96: =TRUNC(IF(($C96/AA$14)>AA94,AA94,$C96/AA$14),0) -> 11 | AC96: Quant. máxima em FL | AD96: =TRUNC(IF(($C96/AD$14)>AD94,AD94,$C96/AD$14),0) -> 11 | AF96: Quant. máxima em FL | AG96: =TRUNC(IF(($C96/AG$14)>AG94,AG94,$C96/AG$14),0) -> 11
B97: Corrente de curto-circuito por MPPT | C97: =VLOOKUP(C88,inv_Dados,24,0) -> 18 | E97: Quant. máxima em Sobrecarga | F97: =IF(($C100*F91*F96*F$3)>($C90*(1+$B$10/100)),INT(($C90*(1+$B$10/100))/F$3),F96*$C100*F91) -> 8 | H97: Quant. máxima em Sobrecarga | I97: =IF(($C100*I91*I96*I$3)>($C90*(1+$B$10/100)),INT(($C90*(1+$B$10/100))/I$3),I96*$C100*I91) -> 8 | K97: Quant. máxima em Sobrecarga | L97: =IF(($C100*L91*L96*L$3)>($C90*(1+$B$10/100)),INT(($C90*(1+$B$10/100))/L$3),L96*$C100*L91) -> 8 | N97: Quant. máxima em Sobrecarga | O97: =IF(($C100*O91*O96*O$3)>($C90*(1+$B$10/100)),INT(($C90*(1+$B$10/100))/O$3),O96*$C100*O91) -> 0 | Q97: Quant. máxima em Sobrecarga | R97: =IF(($C100*R91*R96*R$3)>($C90*(1+$B$10/100)),INT(($C90*(1+$B$10/100))/R$3),R96*$C100*R91) -> 7 | T97: Quant. máxima em Sobrecarga | U97: =IF(($C100*U91*U96*U$3)>($C90*(1+$B$10/100)),INT(($C90*(1+$B$10/100))/U$3),U96*$C100*U91) -> 7 | W97: Quant. máxima em Sobrecarga | X97: =IF(($C100*X91*X96*X$3)>($C90*(1+$B$10/100)),INT(($C90*(1+$B$10/100))/X$3),X96*$C100*X91) -> 0 | Z97: Quant. máxima em Sobrecarga | AA97: =IF(($C100*AA91*AA96*AA$3)>($C90*(1+$B$10/100)),INT(($C90*(1+$B$10/100))/AA$3),AA96*$C100*AA91) -> 0 | AC97: Quant. máxima em Sobrecarga | AD97: =IF(($C100*AD91*AD96*AD$3)>($C90*(1+$B$10/100)),INT(($C90*(1+$B$10/100))/AD$3),AD96*$C100*AD91) -> 0 | AF97: Quant. máxima em Sobrecarga | AG97: =IF(($C100*AG91*AG96*AG$3)>($C90*(1+$B$10/100)),INT(($C90*(1+$B$10/100))/AG$3),AG96*$C100*AG91) -> 7
B98: Corrente max. Operação por MPPT | C98: =VLOOKUP(C88,inv_Dados,25,0) -> 12.5 | E98: Potencia em kWp | F98: =F97*F$3 -> 4400 | H98: Potencia em kWp | I98: =I97*I$3 -> 4400 | K98: Potencia em kWp | L98: =L97*L$3 -> 4440 | N98: Potencia em kWp | O98: =O97*O$3 -> 0 | Q98: Potencia em kWp | R98: =R97*R$3 -> 3990 | T98: Potencia em kWp | U98: =U97*U$3 -> 4095 | W98: Potencia em kWp | X98: =X97*X$3 -> 0 | Z98: Potencia em kWp | AA98: =AA97*AA$3 -> 0 | AC98: Potencia em kWp | AD98: =AD97*AD$3 -> 0 | AF98: Potencia em kWp | AG98: =AG97*AG$3 -> 4025
B99: Quant. Entradas por MPPT | C99: =VLOOKUP(C88,inv_Dados,15,0) -> 1
B100: Quant. MPPT | C100: =VLOOKUP(C88,inv_Dados,16,0) -> 2
B102: Modelo | C102: ='Compare Inversores'!A9 -> SIW300H M060 L1 | E102: Quant. Entradas por MPPT | F102: =$C113 -> 1 | H102: Quant. Entradas por MPPT | I102: =$C113 -> 1 | K102: Quant. Entradas por MPPT | L102: =$C113 -> 1 | N102: Quant. Entradas por MPPT | O102: =$C113 -> 1 | Q102: Quant. Entradas por MPPT | R102: =$C113 -> 1 | T102: Quant. Entradas por MPPT | U102: =$C113 -> 1 | W102: Quant. Entradas por MPPT | X102: =$C113 -> 1 | Z102: Quant. Entradas por MPPT | AA102: =$C113 -> 1 | AC102: Quant. Entradas por MPPT | AD102: =$C113 -> 1 | AF102: Quant. Entradas por MPPT | AG102: =$C113 -> 1
B103: Potencia Nominal | C103: =VLOOKUP(C102,inv_Dados,13,0) -> 6000 | E103: Quant. max por MPPT (Isc) | F103: =TRUNC($C111/F$15) -> 1 | H103: Quant. max por MPPT (Isc) | I103: =TRUNC($C111/I$15) -> 1 | K103: Quant. max por MPPT (Isc) | L103: =TRUNC($C111/L$15) -> 1 | N103: Quant. max por MPPT (Isc) | O103: =TRUNC($C111/O$15) -> 1 | Q103: Quant. max por MPPT (Isc) | R103: =TRUNC($C111/R$15) -> 1 | T103: Quant. max por MPPT (Isc) | U103: =TRUNC($C111/U$15) -> 1 | W103: Quant. max por MPPT (Isc) | X103: =TRUNC($C111/X$15) -> 1 | Z103: Quant. max por MPPT (Isc) | AA103: =TRUNC($C111/AA$15) -> 1 | AC103: Quant. max por MPPT (Isc) | AD103: =TRUNC($C111/AD$15) -> 0 | AF103: Quant. max por MPPT (Isc) | AG103: =TRUNC($C111/AG$15) -> 1
B104: Potência com Sobrecarga | C104: =C103*(1+VLOOKUP(C102,inv_Dados,33,0)/100) -> 9000 | E104: Quant. max por MPPT (Ipmax) | F104: =TRUNC($C112*(1+$B$12/100)/F$16) -> 1 | H104: Quant. max por MPPT (Ipmax) | I104: =TRUNC($C112*(1+$B$12/100)/I$16) -> 1 | K104: Quant. max por MPPT (Ipmax) | L104: =TRUNC($C112*(1+$B$12/100)/L$16) -> 1 | N104: Quant. max por MPPT (Ipmax) | O104: =TRUNC($C112*(1+$B$12/100)/O$16) -> 0 | Q104: Quant. max por MPPT (Ipmax) | R104: =TRUNC($C112*(1+$B$12/100)/R$16) -> 1 | T104: Quant. max por MPPT (Ipmax) | U104: =TRUNC($C112*(1+$B$12/100)/U$16) -> 1 | W104: Quant. max por MPPT (Ipmax) | X104: =TRUNC($C112*(1+$B$12/100)/X$16) -> 0 | Z104: Quant. max por MPPT (Ipmax) | AA104: =TRUNC($C112*(1+$B$12/100)/AA$16) -> 0 | AC104: Quant. max por MPPT (Ipmax) | AD104: =TRUNC($C112*(1+$B$12/100)/AD$16) -> 0 | AF104: Quant. max por MPPT (Ipmax) | AG104: =TRUNC($C112*(1+$B$12/100)/AG$16) -> 1
B105: Tensão mínima de entrada | C105: =VLOOKUP(C102,inv_Dados,18,0) -> 100 | E105: Quant. maxima de séries por MPPT | F105: =SMALL(F102:F104,1) -> 1 | H105: Quant. maxima de séries por MPPT | I105: =SMALL(I102:I104,1) -> 1 | K105: Quant. maxima de séries por MPPT | L105: =SMALL(L102:L104,1) -> 1 | N105: Quant. maxima de séries por MPPT | O105: =SMALL(O102:O104,1) -> 0 | Q105: Quant. maxima de séries por MPPT | R105: =SMALL(R102:R104,1) -> 1 | T105: Quant. maxima de séries por MPPT | U105: =SMALL(U102:U104,1) -> 1 | W105: Quant. maxima de séries por MPPT | X105: =SMALL(X102:X104,1) -> 0 | Z105: Quant. maxima de séries por MPPT | AA105: =SMALL(AA102:AA104,1) -> 0 | AC105: Quant. maxima de séries por MPPT | AD105: =SMALL(AD102:AD104,1) -> 0 | AF105: Quant. maxima de séries por MPPT | AG105: =SMALL(AG102:AG104,1) -> 1
B106: Tensão máxima de entrada | C106: =VLOOKUP(C102,inv_Dados,17,0) -> 600
B107: Tensão mínima de operação | C107: =VLOOKUP(C102,inv_Dados,20,0) -> 90 | E107: Quant. mínima de módulos (Partida) | F107: =ROUNDUP(IF(($C105/F$11)>($C107/F$13),$C105/F$11,$C107/F$13),0) -> 3 | H107: Quant. mínima de módulos (Partida) | I107: =ROUNDUP(IF(($C105/I$11)>($C107/I$13),$C105/I$11,$C107/I$13),0) -> 3 | K107: Quant. mínima de módulos (Partida) | L107: =ROUNDUP(IF(($C105/L$11)>($C107/L$13),$C105/L$11,$C107/L$13),0) -> 3 | N107: Quant. mínima de módulos (Partida) | O107: =ROUNDUP(IF(($C105/O$11)>($C107/O$13),$C105/O$11,$C107/O$13),0) -> 3 | Q107: Quant. mínima de módulos (Partida) | R107: =ROUNDUP(IF(($C105/R$11)>($C107/R$13),$C105/R$11,$C107/R$13),0) -> 3 | T107: Quant. mínima de módulos (Partida) | U107: =ROUNDUP(IF(($C105/U$11)>($C107/U$13),$C105/U$11,$C107/U$13),0) -> 3 | W107: Quant. mínima de módulos (Partida) | X107: =ROUNDUP(IF(($C105/X$11)>($C107/X$13),$C105/X$11,$C107/X$13),0) -> 3 | Z107: Quant. mínima de módulos (Partida) | AA107: =ROUNDUP(IF(($C105/AA$11)>($C107/AA$13),$C105/AA$11,$C107/AA$13),0) -> 3 | AC107: Quant. mínima de módulos (Partida) | AD107: =ROUNDUP(IF(($C105/AD$11)>($C107/AD$13),$C105/AD$11,$C107/AD$13),0) -> 3 | AF107: Quant. mínima de módulos (Partida) | AG107: =ROUNDUP(IF(($C105/AG$11)>($C107/AG$13),$C105/AG$11,$C107/AG$13),0) -> 3
...

Sheet Inicio
D1: Módulo | G1: Inversor
A2: Módulo | B2: WPV 550 HMM3 | D2: Modelo | E2: =$B$2 -> WPV 550 HMM3 | G2: Modelo | H2: =$B$3 -> SIW200G M030 W1
A3: Inversor | B3: SIW200G M030 W1 | D3: Pôtencia | E3: =VLOOKUP(B2,mod_Dados,9,0) -> 550 | G3: Potencia Nominal | H3: =VLOOKUP($H$2,inv_Dados,13,0) -> 3000
A4: Quantidade de Módulos | B4: 19 | D4: Tensão mínima de circuito aberto | E4: =$E$11*(1+(($B$6-25)*$E$15/100)) -> 46.53175 | G4: Potência de Sobrecarga | H4: =H3*(1+VLOOKUP($H$2,inv_Dados,32,0)/100) -> 3390
A5: Temp. Minima | B5: 10 | D5: Tensão máxima de circuito aberto | E5: =$E$11*(1+(($B$5-25)*$E$15/100)) -> 51.92095 | G5: Tensão mínima de entrada | H5: =VLOOKUP($H$2,inv_Dados,18,0) -> 120
A6: Temp. Maxima | B6: 50 | D6: Tensão mínima em máxima potência | E6: =$E$12*(1+(($B$6-25)*$E$15/100)) -> 39.1277 | G6: Tensão máxima de entrada | H6: =VLOOKUP($H$2,inv_Dados,17,0) -> 600
A7: Tolerância de Potência (%) | B7: 0.5 | D7: Tensão máxima em máxima potência | E7: =$E$12*(1+(($B$5-25)*$E$15/100)) -> 43.65938 | G7: Tensão mínima de operação | H7: =VLOOKUP($H$2,inv_Dados,20,0) -> 80
A8: Tolerância de Corrente de Operação(%) | B8: 10 | D8: Corrente máxima de curto-circuito | E8: =$E$13*(1+(($B$6-25)*$E$16/100)) -> 14.1575 | G8: Tensão máxima de operação | H8: =VLOOKUP($H$2,inv_Dados,19,0) -> 550
D9: Corrente máxima em máxima potência | E9: =$E$14*(1+(($B$6-25)*$E$16/100)) -> 13.257487 | G9: Tensão mínima em FL (220-230Vac) | H9: =VLOOKUP($H$2,inv_Dados,22,0) -> 130
G10: Tensão máxima em FL (220-230Vac) | H10: =VLOOKUP($H$2,inv_Dados,21,0) -> 550
A11: Quant. Max séries por MPPT | B11: =TRUNC(IF(IF(H12*(1+$B$8/100)/E9>H13,H13,H12*(1+$B$8/100)/E9)>(H11/E8),H11/E8,IF(H12*(1+$B$8/100)/E9>H13,H13,H12*(1+$B$8/100)/E9))) -> 1 | D11: Tensão de circuito aberto (STC) | E11: =VLOOKUP($E$2,mod_Dados,10,0) -> 49.9 | G11: Corrente de curto-circuito por MPPT | H11: =VLOOKUP($H$2,inv_Dados,24,0) -> 18
A12: Quant. mínima de módulos | B12: =ROUNDUP(IF((H5/E4)>(H7/E6),H5/E4,H7/E6),0) -> 3 | D12: Tensão em máxima potência (STC) | E12: =VLOOKUP($E$2,mod_Dados,11,0) -> 41.96 | G12: Corrente max. Operação por MPPT | H12: =VLOOKUP($H$2,inv_Dados,25,0) -> 14
A13: Quant. máxima de módulos | B13: =TRUNC(IF((H8/E7)>(H6/E5),H6/E5,H8/E7),0) -> 11 | D13: Corrente de curto-circuito (STC) | E13: =VLOOKUP($E$2,mod_Dados,12,0) -> 14 | G13: Quant. Entradas por MPPT | H13: =VLOOKUP($H$2,inv_Dados,15,0) -> 1
A14: Quant. mínima em FL | B14: =ROUNDUP(IF((H9/E6)>B12,H9/E6,B12),0) -> 4 | D14: Corrente em máxima potência (STC) | E14: =VLOOKUP($E$2,mod_Dados,13,0) -> 13.11 | G14: Quant. MPPT | H14: =VLOOKUP($H$2,inv_Dados,16,0) -> 2
A15: Quant. máxima em FL | B15: =TRUNC(IF((H10/E7)>B13,B13,H10/E7),0) -> 11 | D15: Coef. Temp Voc | E15: =VLOOKUP($E$2,mod_Dados,15,0) -> -0.27
A16: Quant. máxima em Sobrecarga | B16: =IF((H14*B11*B15*E3*(1+$B$7/100))>(H4),INT((H4)/E3),B15*H14*B11) -> 6 | D16: Coef. Temp Isc | E16: =VLOOKUP($E$2,mod_Dados,16,0) -> 0.045
A17: Potência de Sobrecarga | B17: =B16*E3 -> 3300 | D17: Coef. Temp PN | E17: =VLOOKUP($E$2,mod_Dados,14,0) -> -0.35
A19: Quantas strings utilizar em FL
A20: Max | B20: =ROUNDUP(B4/B15,0) -> 2
A21: Min | B21: =ROUND(IF(B11*H14>(B4/B14),B4/B14,B11*H14),0) -> 2

Sheet Dados dos Modulos
A1: Modelo | B1: Fabricante | C1: Face | D1: Estrutura Cristalina | E1: Comprimento (mm) | F1: Largura (mm) | G1: Altura (mm) | H1: Peso (kg) | I1: Potência Nominal (Wp) | J1: Voc (V) | K1: Vpmax (V) | L1: Isc (A) | M1: Ipmax (A) | N1: Coef. Temp. Potência Nominal (%/°C) | O1: Coef. Temp. Tensão de Circuito Aberto (%/°C) | P1: Coef. Temp. Corrente de Curto-Circuito (%/°C) | R1: MANUFACTURER_ID | S1: CELL_TYPE | T1: ACTIVE | V1: MODULO
A2: CHSM72M-HC-405 | B2: ASTRONERGY | C2: MONOFACIAL | D2: MONOCRISTALINO | E2: 2018 | F2: 1002 | G2: 35 | H2: 22.6 | I2: 405 | J2: 49.53 | K2: 41.59 | L2: 10.31 | M2: 9.74 | N2: -0.35 | O2: -0.28 | P2: 0.035 | R2: =IF(B2="WEG","1",IF(B2="HUAWEI","2",IF(B2="FOX ESS","3",IF(B2="GOODWE","4",IF(B2="PHB","5",IF(B2="ASTRONERGY","6",IF(B2="BYD","7",IF(B2="HUASUN","8",IF(B2="JA SOLAR","9",IF(B2="JINKO","10",IF(B2="LONGI","11",IF(B2="RISEN","12",IF(B2="SUNOVA","13",IF(B2="TALESUN","14",IF(B2="TRINA SOLAR","15","NÃO CADASTRADO"))))))))))))))) -> 6 | S2: HALF CELL | T2: 0 | V2: =_xlfn.CONCAT("('",A2,"', ",R2,", ",E2,", ",F2,", ",G2,", ",SUBSTITUTE(H2,",","."),", ",I2,", ",SUBSTITUTE(K2,",","."),", ",SUBSTITUTE(M2,",","."),", ",SUBSTITUTE(J2,",","."),", ",SUBSTITUTE(L2,",","."),", '",D2,"', '",S2,"', '",C2,"', ",SUBSTITUTE(N2,",","."),", ",SUBSTITUTE(O2,",","."),", ",SUBSTITUTE(P2,",","."),", ",T2,"),") -> ('CHSM72M-HC-405', 6, 2018, 1002, 35, 22.6, 405, 41.59, 9.74, 49.53, 10.31, 'MONOCRISTALINO', 'HALF CELL', 'MONOFACIAL', -0.35, -0.28, 0.035, 0),
A3: CHSM72M-HC-410 | B3: ASTRONERGY | C3: MONOFACIAL | D3: MONOCRISTALINO | E3: 2018 | F3: 1002 | G3: 35 | H3: 22.6 | I3: 410 | J3: 49.8 | K3: 41.85 | L3: 10.38 | M3: 9.8 | N3: -0.35 | O3: -0.28 | P3: 0.035 | R3: =IF(B3="WEG","1",IF(B3="HUAWEI","2",IF(B3="FOX ESS","3",IF(B3="GOODWE","4",IF(B3="PHB","5",IF(B3="ASTRONERGY","6",IF(B3="BYD","7",IF(B3="HUASUN","8",IF(B3="JA SOLAR","9",IF(B3="JINKO","10",IF(B3="LONGI","11",IF(B3="RISEN","12",IF(B3="SUNOVA","13",IF(B3="TALESUN","14",IF(B3="TRINA SOLAR","15","NÃO CADASTRADO"))))))))))))))) -> 6 | S3: HALF CELL | T3: 0 | V3: =_xlfn.CONCAT("('",A3,"', ",R3,", ",E3,", ",F3,", ",G3,", ",SUBSTITUTE(H3,",","."),", ",I3,", ",SUBSTITUTE(K3,",","."),", ",SUBSTITUTE(M3,",","."),", ",SUBSTITUTE(J3,",","."),", ",SUBSTITUTE(L3,",","."),", '",D3,"', '",S3,"', '",C3,"', ",SUBSTITUTE(N3,",","."),", ",SUBSTITUTE(O3,",","."),", ",SUBSTITUTE(P3,",","."),", ",T3,"),") -> ('CHSM72M-HC-410', 6, 2018, 1002, 35, 22.6, 410, 41.85, 9.8, 49.8, 10.38, 'MONOCRISTALINO', 'HALF CELL', 'MONOFACIAL', -0.35, -0.28, 0.035, 0),
A4: CHSM72M-HC-415 | B4: ASTRONERGY | C4: MONOFACIAL | D4: MONOCRISTALINO | E4: 2018 | F4: 1002 | G4: 35 | H4: 22.6 | I4: 415 | J4: 50.06 | K4: 42.11 | L4: 10.45 | M4: 9.86 | N4: -0.35 | O4: -0.28 | P4: 0.035 | R4: =IF(B4="WEG","1",IF(B4="HUAWEI","2",IF(B4="FOX ESS","3",IF(B4="GOODWE","4",IF(B4="PHB","5",IF(B4="ASTRONERGY","6",IF(B4="BYD","7",IF(B4="HUASUN","8",IF(B4="JA SOLAR","9",IF(B4="JINKO","10",IF(B4="LONGI","11",IF(B4="RISEN","12",IF(B4="SUNOVA","13",IF(B4="TALESUN","14",IF(B4="TRINA SOLAR","15","NÃO CADASTRADO"))))))))))))))) -> 6 | S4: HALF CELL | T4: 0 | V4: =_xlfn.CONCAT("('",A4,"', ",R4,", ",E4,", ",F4,", ",G4,", ",SUBSTITUTE(H4,",","."),", ",I4,", ",SUBSTITUTE(K4,",","."),", ",SUBSTITUTE(M4,",","."),", ",SUBSTITUTE(J4,",","."),", ",SUBSTITUTE(L4,",","."),", '",D4,"', '",S4,"', '",C4,"', ",SUBSTITUTE(N4,",","."),", ",SUBSTITUTE(O4,",","."),", ",SUBSTITUTE(P4,",","."),", ",T4,"),") -> ('CHSM72M-HC-415', 6, 2018, 1002, 35, 22.6, 415, 42.11, 9.86, 50.06, 10.45, 'MONOCRISTALINO', 'HALF CELL', 'MONOFACIAL', -0.35, -0.28, 0.035, 0),
A5: CHSM72M-HC-420 | B5: ASTRONERGY | C5: MONOFACIAL | D5: MONOCRISTALINO | E5: 2018 | F5: 1002 | G5: 35 | H5: 22.6 | I5: 420 | J5: 50.32 | K5: 42.35 | L5: 10.52 | M5: 9.92 | N5: -0.35 | O5: -0.28 | P5: 0.035 | R5: =IF(B5="WEG","1",IF(B5="HUAWEI","2",IF(B5="FOX ESS","3",IF(B5="GOODWE","4",IF(B5="PHB","5",IF(B5="ASTRONERGY","6",IF(B5="BYD","7",IF(B5="HUASUN","8",IF(B5="JA SOLAR","9",IF(B5="JINKO","10",IF(B5="LONGI","11",IF(B5="RISEN","12",IF(B5="SUNOVA","13",IF(B5="TALESUN","14",IF(B5="TRINA SOLAR","15","NÃO CADASTRADO"))))))))))))))) -> 6 | S5: HALF CELL | T5: 0 | V5: =_xlfn.CONCAT("('",A5,"', ",R5,", ",E5,", ",F5,", ",G5,", ",SUBSTITUTE(H5,",","."),", ",I5,", ",SUBSTITUTE(K5,",","."),", ",SUBSTITUTE(M5,",","."),", ",SUBSTITUTE(J5,",","."),", ",SUBSTITUTE(L5,",","."),", '",D5,"', '",S5,"', '",C5,"', ",SUBSTITUTE(N5,",","."),", ",SUBSTITUTE(O5,",","."),", ",SUBSTITUTE(P5,",","."),", ",T5,"),") -> ('CHSM72M-HC-420', 6, 2018, 1002, 35, 22.6, 420, 42.35, 9.92, 50.32, 10.52, 'MONOCRISTALINO', 'HALF CELL', 'MONOFACIAL', -0.35, -0.28, 0.035, 0),
A6: BYD335PIK-36 | B6: BYD | C6: MONOFACIAL | D6: POLICRISTALINO | E6: 2008 | F6: 1002 | G6: 35 | H6: 21.8 | I6: 335 | J6: 45.44 | K6: 38.1 | L6: 9.25 | M6: 8.79 | N6: -0.35 | O6: -0.285 | P6: 0.057 | R6: =IF(B6="WEG","1",IF(B6="HUAWEI","2",IF(B6="FOX ESS","3",IF(B6="GOODWE","4",IF(B6="PHB","5",IF(B6="ASTRONERGY","6",IF(B6="BYD","7",IF(B6="HUASUN","8",IF(B6="JA SOLAR","9",IF(B6="JINKO","10",IF(B6="LONGI","11",IF(B6="RISEN","12",IF(B6="SUNOVA","13",IF(B6="TALESUN","14",IF(B6="TRINA SOLAR","15","NÃO CADASTRADO"))))))))))))))) -> 7 | S6: HALF CELL | T6: 0 | V6: =_xlfn.CONCAT("('",A6,"', ",R6,", ",E6,", ",F6,", ",G6,", ",SUBSTITUTE(H6,",","."),", ",I6,", ",SUBSTITUTE(K6,",","."),", ",SUBSTITUTE(M6,",","."),", ",SUBSTITUTE(J6,",","."),", ",SUBSTITUTE(L6,",","."),", '",D6,"', '",S6,"', '",C6,"', ",SUBSTITUTE(N6,",","."),", ",SUBSTITUTE(O6,",","."),", ",SUBSTITUTE(P6,",","."),", ",T6,"),") -> ('BYD335PIK-36', 7, 2008, 1002, 35, 21.8, 335, 38.1, 8.79, 45.44, 9.25, 'POLICRISTALINO', 'HALF CELL', 'MONOFACIAL', -0.35, -0.285, 0.057, 0),
A7: BYD340PIK-36 | B7: BYD | C7: MONOFACIAL | D7: POLICRISTALINO | E7: 2008 | F7: 1002 | G7: 35 | H7: 21.8 | I7: 340 | J7: 45.69 | K7: 38.36 | L7: 9.31 | M7: 8.86 | N7: -0.35 | O7: -0.285 | P7: 0.057 | R7: =IF(B7="WEG","1",IF(B7="HUAWEI","2",IF(B7="FOX ESS","3",IF(B7="GOODWE","4",IF(B7="PHB","5",IF(B7="ASTRONERGY","6",IF(B7="BYD","7",IF(B7="HUASUN","8",IF(B7="JA SOLAR","9",IF(B7="JINKO","10",IF(B7="LONGI","11",IF(B7="RISEN","12",IF(B7="SUNOVA","13",IF(B7="TALESUN","14",IF(B7="TRINA SOLAR","15","NÃO CADASTRADO"))))))))))))))) -> 7 | S7: HALF CELL | T7: 0 | V7: =_xlfn.CONCAT("('",A7,"', ",R7,", ",E7,", ",F7,", ",G7,", ",SUBSTITUTE(H7,",","."),", ",I7,", ",SUBSTITUTE(K7,",","."),", ",SUBSTITUTE(M7,",","."),", ",SUBSTITUTE(J7,",","."),", ",SUBSTITUTE(L7,",","."),", '",D7,"', '",S7,"', '",C7,"', ",SUBSTITUTE(N7,",","."),", ",SUBSTITUTE(O7,",","."),", ",SUBSTITUTE(P7,",","."),", ",T7,"),") -> ('BYD340PIK-36', 7, 2008, 1002, 35, 21.8, 340, 38.36, 8.86, 45.69, 9.31, 'POLICRISTALINO', 'HALF CELL', 'MONOFACIAL', -0.35, -0.285, 0.057, 0),
A8: BYD345PIK-36 | B8: BYD | C8: MONOFACIAL | D8: POLICRISTALINO | E8: 2008 | F8: 1002 | G8: 35 | H8: 21.8 | I8: 345 | J8: 45.94 | K8: 38.62 | L8: 9.36 | M8: 8.93 | N8: -0.35 | O8: -0.285 | P8: 0.057 | R8: =IF(B8="WEG","1",IF(B8="HUAWEI","2",IF(B8="FOX ESS","3",IF(B8="GOODWE","4",IF(B8="PHB","5",IF(B8="ASTRONERGY","6",IF(B8="BYD","7",IF(B8="HUASUN","8",IF(B8="JA SOLAR","9",IF(B8="JINKO","10",IF(B8="LONGI","11",IF(B8="RISEN","12",IF(B8="SUNOVA","13",IF(B8="TALESUN","14",IF(B8="TRINA SOLAR","15","NÃO CADASTRADO"))))))))))))))) -> 7 | S8: HALF CELL | T8: 0 | V8: =_xlfn.CONCAT("('",A8,"', ",R8,", ",E8,", ",F8,", ",G8,", ",SUBSTITUTE(H8,",","."),", ",I8,", ",SUBSTITUTE(K8,",","."),", ",SUBSTITUTE(M8,",","."),", ",SUBSTITUTE(J8,",","."),", ",SUBSTITUTE(L8,",","."),", '",D8,"', '",S8,"', '",C8,"', ",SUBSTITUTE(N8,",","."),", ",SUBSTITUTE(O8,",","."),", ",SUBSTITUTE(P8,",","."),", ",T8,"),") -> ('BYD345PIK-36', 7, 2008, 1002, 35, 21.8, 345, 38.62, 8.93, 45.94, 9.36, 'POLICRISTALINO', 'HALF CELL', 'MONOFACIAL', -0.35, -0.285, 0.057, 0),
A9: BYD350PIK-36 | B9: BYD | C9: MONOFACIAL | D9: POLICRISTALINO | E9: 2008 | F9: 1002 | G9: 35 | H9: 21.8 | I9: 350 | J9: 46.19 | K9: 38.87 | L9: 9.42 | M9: 9 | N9: -0.35 | O9: -0.285 | P9: 0.057 | R9: =IF(B9="WEG","1",IF(B9="HUAWEI","2",IF(B9="FOX ESS","3",IF(B9="GOODWE","4",IF(B9="PHB","5",IF(B9="ASTRONERGY","6",IF(B9="BYD","7",IF(B9="HUASUN","8",IF(B9="JA SOLAR","9",IF(B9="JINKO","10",IF(B9="LONGI","11",IF(B9="RISEN","12",IF(B9="SUNOVA","13",IF(B9="TALESUN","14",IF(B9="TRINA SOLAR","15","NÃO CADASTRADO"))))))))))))))) -> 7 | S9: HALF CELL | T9: 0 | V9: =_xlfn.CONCAT("('",A9,"', ",R9,", ",E9,", ",F9,", ",G9,", ",SUBSTITUTE(H9,",","."),", ",I9,", ",SUBSTITUTE(K9,",","."),", ",SUBSTITUTE(M9,",","."),", ",SUBSTITUTE(J9,",","."),", ",SUBSTITUTE(L9,",","."),", '",D9,"', '",S9,"', '",C9,"', ",SUBSTITUTE(N9,",","."),", ",SUBSTITUTE(O9,",","."),", ",SUBSTITUTE(P9,",","."),", ",T9,"),") -> ('BYD350PIK-36', 7, 2008, 1002, 35, 21.8, 350, 38.87, 9, 46.19, 9.42, 'POLICRISTALINO', 'HALF CELL', 'MONOFACIAL', -0.35, -0.285, 0.057, 0),
A10: TSM-390DE09 | B10: TRINA SOLAR | C10: MONOFACIAL | D10: MONOCRISTALINO | E10: 1754 | F10: 1096 | G10: 30 | H10: 21 | I10: 390 | J10: 40.8 | K10: 33.8 | L10: 12.14 | M10: 11.54 | N10: -0.34 | O10: -0.25 | P10: 0.04 | R10: =IF(B10="WEG","1",IF(B10="HUAWEI","2",IF(B10="FOX ESS","3",IF(B10="GOODWE","4",IF(B10="PHB","5",IF(B10="ASTRONERGY","6",IF(B10="BYD","7",IF(B10="HUASUN","8",IF(B10="JA SOLAR","9",IF(B10="JINKO","10",IF(B10="LONGI","11",IF(B10="RISEN","12",IF(B10="SUNOVA","13",IF(B10="TALESUN","14",IF(B10="TRINA SOLAR","15","NÃO CADASTRADO"))))))))))))))) -> 15 | S10: HALF CELL | T10: 0 | V10: =_xlfn.CONCAT("('",A10,"', ",R10,", ",E10,", ",F10,", ",G10,", ",SUBSTITUTE(H10,",","."),", ",I10,", ",SUBSTITUTE(K10,",","."),", ",SUBSTITUTE(M10,",","."),", ",SUBSTITUTE(J10,",","."),", ",SUBSTITUTE(L10,",","."),", '",D10,"', '",S10,"', '",C10,"', ",SUBSTITUTE(N10,",","."),", ",SUBSTITUTE(O10,",","."),", ",SUBSTITUTE(P10,",","."),", ",T10,"),") -> ('TSM-390DE09', 15, 1754, 1096, 30, 21, 390, 33.8, 11.54, 40.8, 12.14, 'MONOCRISTALINO', 'HALF CELL', 'MONOFACIAL', -0.34, -0.25, 0.04, 0),
A11: TSM-395DE09 | B11: TRINA SOLAR | C11: MONOFACIAL | D11: MONOCRISTALINO | E11: 1754 | F11: 1096 | G11: 30 | H11: 21 | I11: 395 | J11: 41 | K11: 34 | L11: 12.21 | M11: 11.62 | N11: -0.34 | O11: -0.25 | P11: 0.04 | R11: =IF(B11="WEG","1",IF(B11="HUAWEI","2",IF(B11="FOX ESS","3",IF(B11="GOODWE","4",IF(B11="PHB","5",IF(B11="ASTRONERGY","6",IF(B11="BYD","7",IF(B11="HUASUN","8",IF(B11="JA SOLAR","9",IF(B11="JINKO","10",IF(B11="LONGI","11",IF(B11="RISEN","12",IF(B11="SUNOVA","13",IF(B11="TALESUN","14",IF(B11="TRINA SOLAR","15","NÃO CADASTRADO"))))))))))))))) -> 15 | S11: HALF CELL | T11: 0 | V11: =_xlfn.CONCAT("('",A11,"', ",R11,", ",E11,", ",F11,", ",G11,", ",SUBSTITUTE(H11,",","."),", ",I11,", ",SUBSTITUTE(K11,",","."),", ",SUBSTITUTE(M11,",","."),", ",SUBSTITUTE(J11,",","."),", ",SUBSTITUTE(L11,",","."),", '",D11,"', '",S11,"', '",C11,"', ",SUBSTITUTE(N11,",","."),", ",SUBSTITUTE(O11,",","."),", ",SUBSTITUTE(P11,",","."),", ",T11,"),") -> ('TSM-395DE09', 15, 1754, 1096, 30, 21, 395, 34, 11.62, 41, 12.21, 'MONOCRISTALINO', 'HALF CELL', 'MONOFACIAL', -0.34, -0.25, 0.04, 0),
A12: TSM-400DE09 | B12: TRINA SOLAR | C12: MONOFACIAL | D12: MONOCRISTALINO | E12: 1754 | F12: 1096 | G12: 30 | H12: 21 | I12: 400 | J12: 41.2 | K12: 34.2 | L12: 12.28 | M12: 11.7 | N12: -0.34 | O12: -0.25 | P12: 0.04 | R12: =IF(B12="WEG","1",IF(B12="HUAWEI","2",IF(B12="FOX ESS","3",IF(B12="GOODWE","4",IF(B12="PHB","5",IF(B12="ASTRONERGY","6",IF(B12="BYD","7",IF(B12="HUASUN","8",IF(B12="JA SOLAR","9",IF(B12="JINKO","10",IF(B12="LONGI","11",IF(B12="RISEN","12",IF(B12="SUNOVA","13",IF(B12="TALESUN","14",IF(B12="TRINA SOLAR","15","NÃO CADASTRADO"))))))))))))))) -> 15 | S12: HALF CELL | T12: 0 | V12: =_xlfn.CONCAT("('",A12,"', ",R12,", ",E12,", ",F12,", ",G12,", ",SUBSTITUTE(H12,",","."),", ",I12,", ",SUBSTITUTE(K12,",","."),", ",SUBSTITUTE(M12,",","."),", ",SUBSTITUTE(J12,",","."),", ",SUBSTITUTE(L12,",","."),", '",D12,"', '",S12,"', '",C12,"', ",SUBSTITUTE(N12,",","."),", ",SUBSTITUTE(O12,",","."),", ",SUBSTITUTE(P12,",","."),", ",T12,"),") -> ('TSM-400DE09', 15, 1754, 1096, 30, 21, 400, 34.2, 11.7, 41.2, 12.28, 'MONOCRISTALINO', 'HALF CELL', 'MONOFACIAL', -0.34, -0.25, 0.04, 0),
A13: TSM-405DE09 | B13: TRINA SOLAR | C13: MONOFACIAL | D13: MONOCRISTALINO | E13: 1754 | F13: 1096 | G13: 30 | H13: 21 | I13: 405 | J13: 41.4 | K13: 34.4 | L13: 12.34 | M13: 11.77 | N13: -0.34 | O13: -0.25 | P13: 0.04 | R13: =IF(B13="WEG","1",IF(B13="HUAWEI","2",IF(B13="FOX ESS","3",IF(B13="GOODWE","4",IF(B13="PHB","5",IF(B13="ASTRONERGY","6",IF(B13="BYD","7",IF(B13="HUASUN","8",IF(B13="JA SOLAR","9",IF(B13="JINKO","10",IF(B13="LONGI","11",IF(B13="RISEN","12",IF(B13="SUNOVA","13",IF(B13="TALESUN","14",IF(B13="TRINA SOLAR","15","NÃO CADASTRADO"))))))))))))))) -> 15 | S13: HALF CELL | T13: 0 | V13: =_xlfn.CONCAT("('",A13,"', ",R13,", ",E13,", ",F13,", ",G13,", ",SUBSTITUTE(H13,",","."),", ",I13,", ",SUBSTITUTE(K13,",","."),", ",SUBSTITUTE(M13,",","."),", ",SUBSTITUTE(J13,",","."),", ",SUBSTITUTE(L13,",","."),", '",D13,"', '",S13,"', '",C13,"', ",SUBSTITUTE(N13,",","."),", ",SUBSTITUTE(O13,",","."),", ",SUBSTITUTE(P13,",","."),", ",T13,"),") -> ('TSM-405DE09', 15, 1754, 1096, 30, 21, 405, 34.4, 11.77, 41.4, 12.34, 'MONOCRISTALINO', 'HALF CELL', 'MONOFACIAL', -0.34, -0.25, 0.04, 0),
... A114: CHSM72N(DG)/F-BH-575 | B114: ASTRONERGY | C114: BIFACIAL | D114: MONOCRISTALINO | E114: 2278 | F114: 1134 | G114: 30 | H114: 32.1 | I114: 575 | J114: 51.1 | K114: 42.94 | L114: 14.19 | M114: 13.39 | N114: -0.29 | O114: -0.25 | P114: 0.043 | R114: =IF(B114="WEG","1",IF(B114="HUAWEI","2",IF(B114="FOX ESS","3",IF(B114="GOODWE","4",IF(B114="PHB","5",IF(B114="ASTRONERGY","6",IF(B114="BYD","7",IF(B114="HUASUN","8",IF(B114="JA SOLAR","9",IF(B114="JINKO","10",IF(B114="LONGI","11",IF(B114="RISEN","12",IF(B114="SUNOVA","13",IF(B114="TALESUN","14",IF(B114="TRINA SOLAR","15","NÃO CADASTRADO"))))))))))))))) -> 6 | S114: HALF CELL | T114: 1 | V114: =_xlfn.CONCAT("('",A114,"', ",R114,", ",E114,", ",F114,", ",G114,", ",SUBSTITUTE(H114,",","."),", ",I114,", ",SUBSTITUTE(K114,",","."),", ",SUBSTITUTE(M114,",","."),", ",SUBSTITUTE(J114,",","."),", ",SUBSTITUTE(L114,",","."),", '",D114,"', '",S114,"', '",C114,"', ",SUBSTITUTE(N114,",","."),", ",SUBSTITUTE(O114,",","."),", ",SUBSTITUTE(P114,",","."),", ",T114,"),") -> ('CHSM72N(DG)/F-BH-575', 6, 2278, 1134, 30, 32.1, 575, 42.94, 13.39, 51.1, 14.19, 'MONOCRISTALINO', 'HALF CELL', 'BIFACIAL', -0.29, -0.25, 0.043, 1),
A115: CHSM72N(DG)/F-BH-580 | B115: ASTRONERGY | C115: BIFACIAL | D115: MONOCRISTALINO | E115: 2278 | F115: 1134 | G115: 30 | H115: 32.1 | I115: 580 | J115: 51.3 | K115: 43.11 | L115: 14.28 | M115: 13.45 | N115: -0.29 | O115: -0.25 | P115: 0.043 | R115: =IF(B115="WEG","1",IF(B115="HUAWEI","2",IF(B115="FOX ESS","3",IF(B115="GOODWE","4",IF(B115="PHB","5",IF(B115="ASTRONERGY","6",IF(B115="BYD","7",IF(B115="HUASUN","8",IF(B115="JA SOLAR","9",IF(B115="JINKO","10",IF(B115="LONGI","11",IF(B115="RISEN","12",IF(B115="SUNOVA","13",IF(B115="TALESUN","14",IF(B115="TRINA SOLAR","15","NÃO CADASTRADO"))))))))))))))) -> 6 | S115: HALF CELL | T115: 0 | V115: =_xlfn.CONCAT("('",A115,"', ",R115,", ",E115,", ",F115,", ",G115,", ",SUBSTITUTE(H115,",","."),", ",I115,", ",SUBSTITUTE(K115,",","."),", ",SUBSTITUTE(M115,",","."),", ",SUBSTITUTE(J114,",","."),", ",SUBSTITUTE(L115,",","."),", '",D115,"', '",S115,"', '",C115,"', ",SUBSTITUTE(N115,",","."),", ",SUBSTITUTE(O115,",","."),", ",SUBSTITUTE(P115,",","."),", ",T115,"),") -> ('CHSM72N(DG)/F-BH-580', 6, 2278, 1134, 30, 32.1, 580, 43.11, 13.45, 51.1, 14.28, 'MONOCRISTALINO', 'HALF CELL', 'BIFACIAL', -0.29, -0.25, 0.043, 0),
A116: CHSM72N(DG)/F-BH-585 | B116: ASTRONERGY | C116: BIFACIAL | D116: MONOCRISTALINO | E116: 2278 | F116: 1134 | G116: 30 | H116: 32.1 | I116: 585 | J116: 51.5 | K116: 43.27 | L116: 14.36 | M116: 13.52 | N116: -0.29 | O116: -0.25 | P116: 0.043 | R116: =IF(B116="WEG","1",IF(B116="HUAWEI","2",IF(B116="FOX ESS","3",IF(B116="GOODWE","4",IF(B116="PHB","5",IF(B116="ASTRONERGY","6",IF(B116="BYD","7",IF(B116="HUASUN","8",IF(B116="JA SOLAR","9",IF(B116="JINKO","10",IF(B116="LONGI","11",IF(B116="RISEN","12",IF(B116="SUNOVA","13",IF(B116="TALESUN","14",IF(B116="TRINA SOLAR","15","NÃO CADASTRADO"))))))))))))))) -> 6 | S116: HALF CELL | T116: 0 | V116: =_xlfn.CONCAT("('",A116,"', ",R116,", ",E116,", ",F116,", ",G116,", ",SUBSTITUTE(H116,",","."),", ",I116,", ",SUBSTITUTE(K116,",","."),", ",SUBSTITUTE(M116,",","."),", ",SUBSTITUTE(J115,",","."),", ",SUBSTITUTE(L116,",","."),", '",D116,"', '",S116,"', '",C116,"', ",SUBSTITUTE(N116,",","."),", ",SUBSTITUTE(O116,",","."),", ",SUBSTITUTE(P116,",","."),", ",T116,"),") -> ('CHSM72N(DG)/F-BH-585', 6, 2278, 1134, 30, 32.1, 585, 43.27, 13.52, 51.3, 14.36, 'MONOCRISTALINO', 'HALF CELL', 'BIFACIAL', -0.29, -0.25, 0.043, 0),
A117: CHSM72N(DG)/F-BH-590 | B117: ASTRONERGY | C117: BIFACIAL | D117: MONOCRISTALINO | E117: 2278 | F117: 1134 | G117: 30 | H117: 32.1 | I117: 590 | J117: 51.7 | K117: 43.45 | L117: 14.45 | M117: 13.58 | N117: -0.29 | O117: -0.25 | P117: 0.043 | R117: =IF(B117="WEG","1",IF(B117="HUAWEI","2",IF(B117="FOX ESS","3",IF(B117="GOODWE","4",IF(B117="PHB","5",IF(B117="ASTRONERGY","6",IF(B117="BYD","7",IF(B117="HUASUN","8",IF(B117="JA SOLAR","9",IF(B117="JINKO","10",IF(B117="LONGI","11",IF(B117="RISEN","12",IF(B117="SUNOVA","13",IF(B117="TALESUN","14",IF(B117="TRINA SOLAR","15","NÃO CADASTRADO"))))))))))))))) -> 6 | S117: HALF CELL | T117: 0 | V117: =_xlfn.CONCAT("('",A117,"', ",R117,", ",E117,", ",F117,", ",G117,", ",SUBSTITUTE(H117,",","."),", ",I117,", ",SUBSTITUTE(K117,",","."),", ",SUBSTITUTE(M117,",","."),", ",SUBSTITUTE(J116,",","."),", ",SUBSTITUTE(L117,",","."),", '",D117,"', '",S117,"', '",C117,"', ",SUBSTITUTE(N117,",","."),", ",SUBSTITUTE(O117,",","."),", ",SUBSTITUTE(P117,",","."),", ",T117,"),") -> ('CHSM72N(DG)/F-BH-590', 6, 2278, 1134, 30, 32.1, 590, 43.45, 13.58, 51.5, 14.45, 'MONOCRISTALINO', 'HALF CELL', 'BIFACIAL', -0.29, -0.25, 0.043, 0),
A118: CHSM72N(DG)/F-BH-595 | B118: ASTRONERGY | C118: BIFACIAL | D118: MONOCRISTALINO | E118: 2278 | F118: 1134 | G118: 30 | H118: 32.1 | I118: 595 | J118: 51.9 | K118: 43.61 | L118: 14.53 | M118: 13.64 | N118: -0.29 | O118: -0.25 | P118: 0.043 | R118: =IF(B118="WEG","1",IF(B118="HUAWEI","2",IF(B118="FOX ESS","3",IF(B118="GOODWE","4",IF(B118="PHB","5",IF(B118="ASTRONERGY","6",IF(B118="BYD","7",IF(B118="HUASUN","8",IF(B118="JA SOLAR","9",IF(B118="JINKO","10",IF(B118="LONGI","11",IF(B118="RISEN","12",IF(B118="SUNOVA","13",IF(B118="TALESUN","14",IF(B118="TRINA SOLAR","15","NÃO CADASTRADO"))))))))))))))) -> 6 | S118: HALF CELL | T118: 0 | V118: =_xlfn.CONCAT("('",A118,"', ",R118,", ",E118,", ",F118,", ",G118,", ",SUBSTITUTE(H118,",","."),", ",I118,", ",SUBSTITUTE(K118,",","."),", ",SUBSTITUTE(M118,",","."),", ",SUBSTITUTE(J117,",","."),", ",SUBSTITUTE(L118,",","."),", '",D118,"', '",S118,"', '",C118,"', ",SUBSTITUTE(N118,",","."),", ",SUBSTITUTE(O118,",","."),", ",SUBSTITUTE(P118,",","."),", ",T118,"),") -> ('CHSM72N(DG)/F-BH-595', 6, 2278, 1134, 30, 32.1, 595, 43.61, 13.64, 51.7, 14.53, 'MONOCRISTALINO', 'HALF CELL', 'BIFACIAL', -0.29, -0.25, 0.043, 0),
A119: LR5-72HTH-565M | B119: LONGI | C119: MONOFACIAL | D119: MONOCRISTALINO | E119: 2278 | F119: 1134 | G119: 30 | H119: 27.2 | I119: 565 | J119: 51.76 | K119: 43.61 | L119: 14.01 | M119: 12.96 | N119: -0.29 | O119: -0.23 | P119: 0.05 | R119: =IF(B119="WEG","1",IF(B119="HUAWEI","2",IF(B119="FOX ESS","3",IF(B119="GOODWE","4",IF(B119="PHB","5",IF(B119="ASTRONERGY","6",IF(B119="BYD","7",IF(B119="HUASUN","8",IF(B119="JA SOLAR","9",IF(B119="JINKO","10",IF(B119="LONGI","11",IF(B119="RISEN","12",IF(B119="SUNOVA","13",IF(B119="TALESUN","14",IF(B119="TRINA SOLAR","15","NÃO CADASTRADO"))))))))))))))) -> 11 | S119: HALF CELL | T119: 0 | V119: =_xlfn.CONCAT("('",A119,"', ",R119,", ",E119,", ",F119,", ",G119,", ",SUBSTITUTE(H119,",","."),", ",I119,", ",SUBSTITUTE(K119,",","."),", ",SUBSTITUTE(M119,",","."),", ",SUBSTITUTE(J118,",","."),", ",SUBSTITUTE(L119,",","."),", '",D119,"', '",S119,"', '",C119,"', ",SUBSTITUTE(N119,",","."),", ",SUBSTITUTE(O119,",","."),", ",SUBSTITUTE(P119,",","."),", ",T119,"),") -> ('LR5-72HTH-565M', 11, 2278, 1134, 30, 27.2, 565, 43.61, 12.96, 51.9, 14.01, 'MONOCRISTALINO', 'HALF CELL', 'MONOFACIAL', -0.29, -0.23, 0.05, 0),
A120: LR5-72HTH-570M | B120: LONGI | C120: MONOFACIAL | D120: MONOCRISTALINO | E120: 2278 | F120: 1134 | G120: 30 | H120: 27.2 | I120: 570 | J120: 51.91 | K120: 43.76 | L120: 14.07 | M120: 13.03 | N120: -0.29 | O120: -0.23 | P120: 0.05 | R120: =IF(B120="WEG","1",IF(B120="HUAWEI","2",IF(B120="FOX ESS","3",IF(B120="GOODWE","4",IF(B120="PHB","5",IF(B120="ASTRONERGY","6",IF(B120="BYD","7",IF(B120="HUASUN","8",IF(B120="JA SOLAR","9",IF(B120="JINKO","10",IF(B120="LONGI","11",IF(B120="RISEN","12",IF(B120="SUNOVA","13",IF(B120="TALESUN","14",IF(B120="TRINA SOLAR","15","NÃO CADASTRADO"))))))))))))))) -> 11 | S120: HALF CELL | T120: 0 | V120: =_xlfn.CONCAT("('",A120,"', ",R120,", ",E120,", ",F120,", ",G120,", ",SUBSTITUTE(H120,",","."),", ",I120,", ",SUBSTITUTE(K120,",","."),", ",SUBSTITUTE(M120,",","."),", ",SUBSTITUTE(J120,",","."),", ",SUBSTITUTE(L120,",","."),", '",D120,"', '",S120,"', '",C120,"', ",SUBSTITUTE(N120,",","."),", ",SUBSTITUTE(O120,",","."),", ",SUBSTITUTE(P120,",","."),", ",T120,"),") -> ('LR5-72HTH-570M', 11, 2278, 1134, 30, 27.2, 570, 43.76, 13.03, 51.91, 14.07, 'MONOCRISTALINO', 'HALF CELL', 'MONOFACIAL', -0.29, -0.23, 0.05, 0),
A121: LR5-72HTH-575M | B121: LONGI | C121: MONOFACIAL | D121: MONOCRISTALINO | E121: 2278 | F121: 1134 | G121: 30 | H121: 27.2 | I121: 575 | J121: 52.06 | K121: 43.91 | L121: 14.14 | M121: 13.1 | N121: -0.29 | O121: -0.23 | P121: 0.05 | R121: =IF(B121="WEG","1",IF(B121="HUAWEI","2",IF(B121="FOX ESS","3",IF(B121="GOODWE","4",IF(B121="PHB","5",IF(B121="ASTRONERGY","6",IF(B121="BYD","7",IF(B121="HUASUN","8",IF(B121="JA SOLAR","9",IF(B121="JINKO","10",IF(B121="LONGI","11",IF(B121="RISEN","12",IF(B121="SUNOVA","13",IF(B121="TALESUN","14",IF(B121="TRINA SOLAR","15","NÃO CADASTRADO"))))))))))))))) -> 11 | S121: HALF CELL | T121: 0 | V121: =_xlfn.CONCAT("('",A121,"', ",R121,", ",E121,", ",F121,", ",G121,", ",SUBSTITUTE(H121,",","."),", ",I121,", ",SUBSTITUTE(K121,",","."),", ",SUBSTITUTE(M121,",","."),", ",SUBSTITUTE(J121,",","."),", ",SUBSTITUTE(L121,",","."),", '",D121,"', '",S121,"', '",C121,"', ",SUBSTITUTE(N121,",","."),", ",SUBSTITUTE(O121,",","."),", ",SUBSTITUTE(P121,",","."),", ",T121,"),") -> ('LR5-72HTH-575M', 11, 2278, 1134, 30, 27.2, 575, 43.91, 13.1, 52.06, 14.14, 'MONOCRISTALINO', 'HALF CELL', 'MONOFACIAL', -0.29, -0.23, 0.05, 0),
A122: LR5-72HTH-580M | B122: LONGI | C122: MONOFACIAL | D122: MONOCRISTALINO | E122: 2278 | F122: 1134 | G122: 30 | H122: 27.2 | I122: 580 | J122: 52.21 | K122: 44.06 | L122: 14.2 | M122: 13.17 | N122: -0.29 | O122: -0.23 | P122: 0.05 | R122: =IF(B122="WEG","1",IF(B122="HUAWEI","2",IF(B122="FOX ESS","3",IF(B122="GOODWE","4",IF(B122="PHB","5",IF(B122="ASTRONERGY","6",IF(B122="BYD","7",IF(B122="HUASUN","8",IF(B122="JA SOLAR","9",IF(B122="JINKO","10",IF(B122="LONGI","11",IF(B122="RISEN","12",IF(B122="SUNOVA","13",IF(B122="TALESUN","14",IF(B122="TRINA SOLAR","15","NÃO CADASTRADO"))))))))))))))) -> 11 | S122: HALF CELL | T122: 0 | V122: =_xlfn.CONCAT("('",A122,"', ",R122,", ",E122,", ",F122,", ",G122,", ",SUBSTITUTE(H122,",","."),", ",I122,", ",SUBSTITUTE(K122,",","."),", ",SUBSTITUTE(M122,",","."),", ",SUBSTITUTE(J122,",","."),", ",SUBSTITUTE(L122,",","."),", '",D122,"', '",S122,"', '",C122,"', ",SUBSTITUTE(N122,",","."),", ",SUBSTITUTE(O122,",","."),", ",SUBSTITUTE(P122,",","."),", ",T122,"),") -> ('LR5-72HTH-580M', 11, 2278, 1134, 30, 27.2, 580, 44.06, 13.17, 52.21, 14.2, 'MONOCRISTALINO', 'HALF CELL', 'MONOFACIAL', -0.29, -0.23, 0.05, 0),
A123: LR5-72HTH-585M | B123: LONGI | C123: MONOFACIAL | D123: MONOCRISTALINO | E123: 2278 | F123: 1134 | G123: 30 | H123: 27.2 | I123: 585 | J123: 52.36 | K123: 44.21 | L123: 14.27 | M123: 13.24 | N123: -0.29 | O123: -0.23 | P123: 0.05 | R123: =IF(B123="WEG","1",IF(B123="HUAWEI","2",IF(B123="FOX ESS","3",IF(B123="GOODWE","4",IF(B123="PHB","5",IF(B123="ASTRONERGY","6",IF(B123="BYD","7",IF(B123="HUASUN","8",IF(B123="JA SOLAR","9",IF(B123="JINKO","10",IF(B123="LONGI","11",IF(B123="RISEN","12",IF(B123="SUNOVA","13",IF(B123="TALESUN","14",IF(B123="TRINA SOLAR","15","NÃO CADASTRADO"))))))))))))))) -> 11 | S123: HALF CELL | T123: 1 | V123: =_xlfn.CONCAT("('",A123,"', ",R123,", ",E123,", ",F123,", ",G123,", ",SUBSTITUTE(H123,",","."),", ",I123,", ",SUBSTITUTE(K123,",","."),", ",SUBSTITUTE(M123,",","."),", ",SUBSTITUTE(J123,",","."),", ",SUBSTITUTE(L123,",","."),", '",D123,"', '",S123,"', '",C123,"', ",SUBSTITUTE(N123,",","."),", ",SUBSTITUTE(O123,",","."),", ",SUBSTITUTE(P123,",","."),", ",T123,"),") -> ('LR5-72HTH-585M', 11, 2278, 1134, 30, 27.2, 585, 44.21, 13.24, 52.36, 14.27, 'MONOCRISTALINO', 'HALF CELL', 'MONOFACIAL', -0.29, -0.23, 0.05, 1),
R124: =IF(B124="WEG","1",IF(B124="HUAWEI","2",IF(B124="FOX ESS","3",IF(B124="GOODWE","4",IF(B124="PHB","5",IF(B124="ASTRONERGY","6",IF(B124="BYD","7",IF(B124="HUASUN","8",IF(B124="JA SOLAR","9",IF(B124="JINKO","10",IF(B124="LONGI","11",IF(B124="RISEN","12",IF(B124="SUNOVA","13",IF(B124="TALESUN","14",IF(B124="TRINA SOLAR","15","NÃO CADASTRADO"))))))))))))))) -> NÃO CADASTRADO | V124: =_xlfn.CONCAT("('",A124,"', ",R124,", ",E124,", ",F124,", ",G124,", ",SUBSTITUTE(H124,",","."),", ",I124,", ",SUBSTITUTE(K124,",","."),", ",SUBSTITUTE(M124,",","."),", ",SUBSTITUTE(J124,",","."),", ",SUBSTITUTE(L124,",","."),", '",D124,"', '",S124,"', '",C124,"', ",SUBSTITUTE(N124,",","."),", ",SUBSTITUTE(O124,",","."),", ",SUBSTITUTE(P124,",","."),", ",T124,"),") -> ('', NÃO CADASTRADO, , , , , , , , , , '', '', '', , , , ),
R125: =IF(B125="WEG","1",IF(B125="HUAWEI","2",IF(B125="FOX ESS","3",IF(B125="GOODWE","4",IF(B125="PHB","5",IF(B125="ASTRONERGY","6",IF(B125="BYD","7",IF(B125="HUASUN","8",IF(B125="JA SOLAR","9",IF(B125="JINKO","10",IF(B125="LONGI","11",IF(B125="RISEN","12",IF(B125="SUNOVA","13",IF(B125="TALESUN","14",IF(B125="TRINA SOLAR","15","NÃO CADASTRADO"))))))))))))))) -> NÃO CADASTRADO | V125: =_xlfn.CONCAT("('",A125,"', ",R125,", ",E125,", ",F125,", ",G125,", ",SUBSTITUTE(H125,",","."),", ",I125,", ",SUBSTITUTE(K125,",","."),", ",SUBSTITUTE(M125,",","."),", ",SUBSTITUTE(J125,",","."),", ",SUBSTITUTE(L125,",","."),", '",D125,"', '",S125,"', '",C125,"', ",SUBSTITUTE(N125,",","."),", ",SUBSTITUTE(O125,",","."),", ",SUBSTITUTE(P125,",","."),", ",T125,"),") -> ('', NÃO CADASTRADO, , , , , , , , , , '', '', '', , , , ),
R126: =IF(B126="WEG","1",IF(B126="HUAWEI","2",IF(B126="FOX ESS","3",IF(B126="GOODWE","4",IF(B126="PHB","5",IF(B126="ASTRONERGY","6",IF(B126="BYD","7",IF(B126="HUASUN","8",IF(B126="JA SOLAR","9",IF(B126="JINKO","10",IF(B126="LONGI","11",IF(B126="RISEN","12",IF(B126="SUNOVA","13",IF(B126="TALESUN","14",IF(B126="TRINA SOLAR","15","NÃO CADASTRADO"))))))))))))))) -> NÃO CADASTRADO | V126: =_xlfn.CONCAT("('",A126,"', ",R126,", ",E126,", ",F126,", ",G126,", ",SUBSTITUTE(H126,",","."),", ",I126,", ",SUBSTITUTE(K126,",","."),", ",SUBSTITUTE(M126,",","."),", ",SUBSTITUTE(J126,",","."),", ",SUBSTITUTE(L126,",","."),", '",D126,"', '",S126,"', '",C126,"', ",SUBSTITUTE(N126,",","."),", ",SUBSTITUTE(O126,",","."),", ",SUBSTITUTE(P126,",","."),", ",T126,"),") -> ('', NÃO CADASTRADO, , , , , , , , , , '', '', '', , , , ),
R127: =IF(B127="WEG","1",IF(B127="HUAWEI","2",IF(B127="FOX ESS","3",IF(B127="GOODWE","4",IF(B127="PHB","5",IF(B127="ASTRONERGY","6",IF(B127="BYD","7",IF(B127="HUASUN","8",IF(B127="JA SOLAR","9",IF(B127="JINKO","10",IF(B127="LONGI","11",IF(B127="RISEN","12",IF(B127="SUNOVA","13",IF(B127="TALESUN","14",IF(B127="TRINA SOLAR","15","NÃO CADASTRADO"))))))))))))))) -> NÃO CADASTRADO | V127: =_xlfn.CONCAT("('",A127,"', ",R127,", ",E127,", ",F127,", ",G127,", ",SUBSTITUTE(H127,",","."),", ",I127,", ",SUBSTITUTE(K127,",","."),", ",SUBSTITUTE(M127,",","."),", ",SUBSTITUTE(J127,",","."),", ",SUBSTITUTE(L127,",","."),", '",D127,"', '",S127,"', '",C127,"', ",SUBSTITUTE(N127,",","."),", ",SUBSTITUTE(O127,",","."),", ",SUBSTITUTE(P127,",","."),", ",T127,"),") -> ('', NÃO CADASTRADO, , , , , , , , , , '', '', '', , , , ),
R128: =IF(B128="WEG","1",IF(B128="HUAWEI","2",IF(B128="FOX ESS","3",IF(B128="GOODWE","4",IF(B128="PHB","5",IF(B128="ASTRONERGY","6",IF(B128="BYD","7",IF(B128="HUASUN","8",IF(B128="JA SOLAR","9",IF(B128="JINKO","10",IF(B128="LONGI","11",IF(B128="RISEN","12",IF(B128="SUNOVA","13",IF(B128="TALESUN","14",IF(B128="TRINA SOLAR","15","NÃO CADASTRADO"))))))))))))))) -> NÃO CADASTRADO | V128: =_xlfn.CONCAT("('",A128,"', ",R128,", ",E128,", ",F128,", ",G128,", ",SUBSTITUTE(H128,",","."),", ",I128,", ",SUBSTITUTE(K128,",","."),", ",SUBSTITUTE(M128,",","."),", ",SUBSTITUTE(J128,",","."),", ",SUBSTITUTE(L128,",","."),", '",D128,"', '",S128,"', '",C128,"', ",SUBSTITUTE(N128,",","."),", ",SUBSTITUTE(O128,",","."),", ",SUBSTITUTE(P128,",","."),", ",T128,"),") -> ('', NÃO CADASTRADO, , , , , , , , , , '', '', '', , , , ),
R129: =IF(B129="WEG","1",IF(B129="HUAWEI","2",IF(B129="FOX ESS","3",IF(B129="GOODWE","4",IF(B129="PHB","5",IF(B129="ASTRONERGY","6",IF(B129="BYD","7",IF(B129="HUASUN","8",IF(B129="JA SOLAR","9",IF(B129="JINKO","10",IF(B129="LONGI","11",IF(B129="RISEN","12",IF(B129="SUNOVA","13",IF(B129="TALESUN","14",IF(B129="TRINA SOLAR","15","NÃO CADASTRADO"))))))))))))))) -> NÃO CADASTRADO | V129: =_xlfn.CONCAT("('",A129,"', ",R129,", ",E129,", ",F129,", ",G129,", ",SUBSTITUTE(H129,",","."),", ",I129,", ",SUBSTITUTE(K129,",","."),", ",SUBSTITUTE(M129,",","."),", ",SUBSTITUTE(J129,",","."),", ",SUBSTITUTE(L129,",","."),", '",D129,"', '",S129,"', '",C129,"', ",SUBSTITUTE(N129,",","."),", ",SUBSTITUTE(O129,",","."),", ",SUBSTITUTE(P129,",","."),", ",T129,"),") -> ('', NÃO CADASTRADO, , , , , , , , , , '', '', '', , , , ),
R130: =IF(B130="WEG","1",IF(B130="HUAWEI","2",IF(B130="FOX ESS","3",IF(B130="GOODWE","4",IF(B130="PHB","5",IF(B130="ASTRONERGY","6",IF(B130="BYD","7",IF(B130="HUASUN","8",IF(B130="JA SOLAR","9",IF(B130="JINKO","10",IF(B130="LONGI","11",IF(B130="RISEN","12",IF(B130="SUNOVA","13",IF(B130="TALESUN","14",IF(B130="TRINA SOLAR","15","NÃO CADASTRADO"))))))))))))))) -> NÃO CADASTRADO | V130: =_xlfn.CONCAT("('",A130,"', ",R130,", ",E130,", ",F130,", ",G130,", ",SUBSTITUTE(H130,",","."),", ",I130,", ",SUBSTITUTE(K130,",","."),", ",SUBSTITUTE(M130,",","."),", ",SUBSTITUTE(J130,",","."),", ",SUBSTITUTE(L130,",","."),", '",D130,"', '",S130,"', '",C130,"', ",SUBSTITUTE(N130,",","."),", ",SUBSTITUTE(O130,",","."),", ",SUBSTITUTE(P130,",","."),", ",T130,"),") -> ('', NÃO CADASTRADO, , , , , , , , , , '', '', '', , , , ),
R131: =IF(B131="WEG","1",IF(B131="HUAWEI","2",IF(B131="FOX ESS","3",IF(B131="GOODWE","4",IF(B131="PHB","5",IF(B131="ASTRONERGY","6",IF(B131="BYD","7",IF(B131="HUASUN","8",IF(B131="JA SOLAR","9",IF(B131="JINKO","10",IF(B131="LONGI","11",IF(B131="RISEN","12",IF(B131="SUNOVA","13",IF(B131="TALESUN","14",IF(B131="TRINA SOLAR","15","NÃO CADASTRADO"))))))))))))))) -> NÃO CADASTRADO | V131: =_xlfn.CONCAT("('",A131,"', ",R131,", ",E131,", ",F131,", ",G131,", ",SUBSTITUTE(H131,",","."),", ",I131,", ",SUBSTITUTE(K131,",","."),", ",SUBSTITUTE(M131,",","."),", ",SUBSTITUTE(J131,",","."),", ",SUBSTITUTE(L131,",","."),", '",D131,"', '",S131,"', '",C131,"', ",SUBSTITUTE(N131,",","."),", ",SUBSTITUTE(O131,",","."),", ",SUBSTITUTE(P131,",","."),", ",T131,"),") -> ('', NÃO CADASTRADO, , , , , , , , , , '', '', '', , , , ),
R132: =IF(B132="WEG","1",IF(B132="HUAWEI","2",IF(B132="FOX ESS","3",IF(B132="GOODWE","4",IF(B132="PHB","5",IF(B132="ASTRONERGY","6",IF(B132="BYD","7",IF(B132="HUASUN","8",IF(B132="JA SOLAR","9",IF(B132="JINKO","10",IF(B132="LONGI","11",IF(B132="RISEN","12",IF(B132="SUNOVA","13",IF(B132="TALESUN","14",IF(B132="TRINA SOLAR","15","NÃO CADASTRADO"))))))))))))))) -> NÃO CADASTRADO | V132: =_xlfn.CONCAT("('",A132,"', ",R132,", ",E132,", ",F132,", ",G132,", ",SUBSTITUTE(H132,",","."),", ",I132,", ",SUBSTITUTE(K132,",","."),", ",SUBSTITUTE(M132,",","."),", ",SUBSTITUTE(J132,",","."),", ",SUBSTITUTE(L132,",","."),", '",D132,"', '",S132,"', '",C132,"', ",SUBSTITUTE(N132,",","."),", ",SUBSTITUTE(O132,",","."),", ",SUBSTITUTE(P132,",","."),", ",T132,"),") -> ('', NÃO CADASTRADO, , , , , , , , , , '', '', '', , , , ),
R133: =IF(B133="WEG","1",IF(B133="HUAWEI","2",IF(B133="FOX ESS","3",IF(B133="GOODWE","4",IF(B133="PHB","5",IF(B133="ASTRONERGY","6",IF(B133="BYD","7",IF(B133="HUASUN","8",IF(B133="JA SOLAR","9",IF(B133="JINKO","10",IF(B133="LONGI","11",IF(B133="RISEN","12",IF(B133="SUNOVA","13",IF(B133="TALESUN","14",IF(B133="TRINA SOLAR","15","NÃO CADASTRADO"))))))))))))))) -> NÃO CADASTRADO | V133: =_xlfn.CONCAT("('",A133,"', ",R133,", ",E133,", ",F133,", ",G133,", ",SUBSTITUTE(H133,",","."),", ",I133,", ",SUBSTITUTE(K133,",","."),", ",SUBSTITUTE(M133,",","."),", ",SUBSTITUTE(J133,",","."),", ",SUBSTITUTE(L133,",","."),", '",D133,"', '",S133,"', '",C133,"', ",SUBSTITUTE(N133,",","."),", ",SUBSTITUTE(O133,",","."),", ",SUBSTITUTE(P133,",","."),", ",T133,"),") -> ('', NÃO CADASTRADO, , , , , , , , , , '', '', '', , , , ),
R134: =IF(B134="WEG","1",IF(B134="HUAWEI","2",IF(B134="FOX ESS","3",IF(B134="GOODWE","4",IF(B134="PHB","5",IF(B134="ASTRONERGY","6",IF(B134="BYD","7",IF(B134="HUASUN","8",IF(B134="JA SOLAR","9",IF(B134="JINKO","10",IF(B134="LONGI","11",IF(B134="RISEN","12",IF(B134="SUNOVA","13",IF(B134="TALESUN","14",IF(B134="TRINA SOLAR","15","NÃO CADASTRADO"))))))))))))))) -> NÃO CADASTRADO | V134: =_xlfn.CONCAT("('",A134,"', ",R134,", ",E134,", ",F134,", ",G134,", ",SUBSTITUTE(H134,",","."),", ",I134,", ",SUBSTITUTE(K134,",","."),", ",SUBSTITUTE(M134,",","."),", ",SUBSTITUTE(J134,",","."),", ",SUBSTITUTE(L134,",","."),", '",D134,"', '",S134,"', '",C134,"', ",SUBSTITUTE(N134,",","."),", ",SUBSTITUTE(O134,",","."),", ",SUBSTITUTE(P134,",","."),", ",T134,"),") -> ('', NÃO CADASTRADO, , , , , , , , , , '', '', '', , , , ),
R135: =IF(B135="WEG","1",IF(B135="HUAWEI","2",IF(B135="FOX ESS","3",IF(B135="GOODWE","4",IF(B135="PHB","5",IF(B135="ASTRONERGY","6",IF(B135="BYD","7",IF(B135="HUASUN","8",IF(B135="JA SOLAR","9",IF(B135="JINKO","10",IF(B135="LONGI","11",IF(B135="RISEN","12",IF(B135="SUNOVA","13",IF(B135="TALESUN","14",IF(B135="TRINA SOLAR","15","NÃO CADASTRADO"))))))))))))))) -> NÃO CADASTRADO | V135: =_xlfn.CONCAT("('",A135,"', ",R135,", ",E135,", ",F135,", ",G135,", ",SUBSTITUTE(H135,",","."),", ",I135,", ",SUBSTITUTE(K135,",","."),", ",SUBSTITUTE(M135,",","."),", ",SUBSTITUTE(J135,",","."),", ",SUBSTITUTE(L135,",","."),", '",D135,"', '",S135,"', '",C135,"', ",SUBSTITUTE(N135,",","."),", ",SUBSTITUTE(O135,",","."),", ",SUBSTITUTE(P135,",","."),", ",T135,"),") -> ('', NÃO CADASTRADO, , , , , , , , , , '', '', '', , , , ),
... R200: =IF(B200="WEG","1",IF(B200="HUAWEI","2",IF(B200="FOX ESS","3",IF(B200="GOODWE","4",IF(B200="PHB","5",IF(B200="ASTRONERGY","6",IF(B200="BYD","7",IF(B200="HUASUN","8",IF(B200="JA SOLAR","9",IF(B200="JINKO","10",IF(B200="LONGI","11",IF(B200="RISEN","12",IF(B200="SUNOVA","13",IF(B200="TALESUN","14",IF(B200="TRINA SOLAR","15","NÃO CADASTRADO"))))))))))))))) -> NÃO CADASTRADO | V200: =_xlfn.CONCAT("('",A200,"', ",R200,", ",E200,", ",F200,", ",G200,", ",SUBSTITUTE(H200,",","."),", ",I200,", ",SUBSTITUTE(K200,",","."),", ",SUBSTITUTE(M200,",","."),", ",SUBSTITUTE(J200,",","."),", ",SUBSTITUTE(L200,",","."),", '",D200,"', '",S200,"', '",C200,"', ",SUBSTITUTE(N200,",","."),", ",SUBSTITUTE(O200,",","."),", ",SUBSTITUTE(P200,",","."),", ",T200,"),") -> ('', NÃO CADASTRADO, , , , , , , , , , '', '', '', , , , ),

Sheet Dados dos Inversores
C1: Dimensões | H1: Comunicação | M1: Potência | O1: MPPT | Z1: CA
A2: Modelo | B2: Fabricante | C2: Comprimento (mm) | D2: Largura (mm) | E2: Altura (mm) | F2: Peso (kg) | G2: Ventilação | H2: Wifi | I2: RS485 | J2: Display | K2: Led | L2: USB | M2: Potência Nominal (W) | N2: Potência máxima (VA) | O2: Entradas por MPPT | P2: Quantidade de MPPT | Q2: Tensão máxima de partida do MPPT (Vcc) | R2: Tensão mínima de partida do MPPT (Vcc) | S2: Tensão máxima de operação do MPPT (Vcc) | T2: Tensão mínima de operação do MPPT (Vcc) | U2: Tensão máxima FL (220Vac) do MPPT (Vcc) | V2: Tensão mínima FL (220Vac) do MPPT (Vcc) | W2: Tensão Nominal de operação do MPPT (Vcc) | X2: Corrente de Curto circuito do MPPT (Vcc) | Y2: Corrente máxima de operação do MPPT (Vcc) | Z2: SINGLE_PHASE | AA2: THREE_PHASE_THREE_WIRE | AB2: THREE_PHASE_FOUR_WIRE | AC2: Tensão nominal de saída (Vac) | AD2: Tensão nominal mínima de saída (Vac) | AE2: Corrente máxima de saída (Aac) | AF2: RATED OUTPUT CURRENT | AG2: Sobrecarga Permitida (%) | AH2: MAX OPERATING TEMPERATURE | AI2: MIN OPERATION TEMPERATURE | AJ2: PROTECTION DEGREE | AK2: TOPOLOGY | AL2: ACTIVE | AN2: INVERTER ID | AO2: MPPT INDEX | AP2: TOTAL INPUTS | AR2: ON-GRID | AS2: OFF-GRID | AT2: GRIDZERO | AU2: HYBRID | AW2: 4G | AY2: MANUFACTURER ID | BA2: INVERSOR | BB2: MPPT | BC2: ON-GRID | BD2: OFF-GRID | BE2: GRIDZERO | BF2: HYBRID | BG2: WIFI | BH2: RS485 | BI2: DISPLAY | BJ2: LED | BK2: USB | BL2: 4G | BM2: THREE_PHASE_THREE_WIRE | BN2: THREE_PHASE_FOUR_WIRE | BO2: SINGLE_PHASE
A3: SUN2000L-2KTL | B3: HUAWEI | C3: 149.5 | D3: 375 | E3: 375 | F3: 11.6 | G3: CONVECÇÃO NATURAL | H3: 1 | I3: 1 | J3: 0 | K3: 1 | L3: 0 | M3: 2000 | N3: 2200 | O3: 1 | P3: 2 | Q3: 600 | R3: 120 | S3: 500 | T3: 90 | U3: -1 | V3: -1 | W3: 380 | X3: 15 | Y3: 11 | Z3: 1 | AA3: 0 | AB3: 0 | AC3: 220 | AE3: 10 | AF3: 10 | AG3: 50 | AH3: 60 | AI3: -30 | AJ3: IP65 | AK3: TRANSFORMERLESS | AL3: 0 | AN3: 1 | AO3: 0 | AP3: =O3*P3 -> 2 | AR3: 1 | AS3: 0 | AT3: 0 | AU3: 1 | AW3: 0 | AY3: =IF(B3="WEG","1",IF(B3="HUAWEI","2",IF(B3="FOX ESS","3",IF(B3="GOODWE","4",IF(B3="PHB","5",IF(B3="ASTRONERGY","6",IF(B3="BYD","7",IF(B3="HUASUN","8",IF(B3="JA SOLAR","9",IF(B3="JINKO","10",IF(B3="LONGI","11",IF(B3="RISEN","12",IF(B3="SUNOVA","13",IF(B3="TALESUN","14",IF(B3="TRINA SOLAR","15","NÃO CADASTRADO"))))))))))))))) -> 2 | BA3: =_xlfn.CONCAT("('",A3,"', ",AY3,", ",SUBSTITUTE(D3,",","."),", ",SUBSTITUTE(E3,",","."),", ",SUBSTITUTE(C3,",","."),", ",SUBSTITUTE(F3,",","."),", ",AH3,", ",AI3,", '",G3,"', '",AJ3,"', '",AK3,"', ",M3,", ",N3,", ",AC3,", ",SUBSTITUTE(AF3,",","."),", ",SUBSTITUTE(AE3,",","."),", ",AG3,", ",P3,", ",AP3,", ",AL3,"),") -> ('SUN2000L-2KTL', 2, 375, 375, 149.5, 11.6, 60, -30, 'CONVECÇÃO NATURAL', 'IP65', 'TRANSFORMERLESS', 2000, 2200, 220, 10, 10, 50, 2, 2, 0), | BB3: =_xlfn.CONCAT("(",AN3,", 0, ",O3,", ",Q3,", ",R3,", ",S3,", ",T3,", ",U3,", ",V3,", ",W3,", ",SUBSTITUTE(X3,",","."),", ",SUBSTITUTE(Y3,",","."),"), ") -> (1, 0, 1, 600, 120, 500, 90, -1, -1, 380, 15, 11), | BC3: =IF(AR3=1,_xlfn.CONCAT("(",$AN3,", 'ON-GRID'),"),"") -> (1, 'ON-GRID'), | BD3: =IF(AS3=1,_xlfn.CONCAT("(",$AN3,", 'OFF-GRID'),"),"") | BE3: =IF(AT3=1,_xlfn.CONCAT("(",$AN3,", 'GRIDZERO'),"),"") | BF3: =IF(AU3=1,_xlfn.CONCAT("(",$AN3,", 'HYBRID'),"),"") -> (1, 'HYBRID'), | BG3: =IF(H3=1,_xlfn.CONCAT("(",$AN3,", '",BG$2,"'),"),"") -> (1, 'WIFI'), | BH3: =IF(I3=1,_xlfn.CONCAT("(",$AN3,", '",BH$2,"'),"),"") -> (1, 'RS485'), | BI3: =IF(J3=1,_xlfn.CONCAT("(",$AN3,", '",BI$2,"'),"),"") | BJ3: =IF(K3=1,_xlfn.CONCAT("(",$AN3,", '",BJ$2,"'),"),"") -> (1, 'LED'), | BK3: =IF(L3=1,_xlfn.CONCAT("(",$AN3,", '",BK$2,"'),"),"") | BL3: =IF(M3=1,_xlfn.CONCAT("(",$AN3,", '",BL$2,"'),"),"") | BM3: =IF(AA3=1,_xlfn.CONCAT("(",$AN3,", '",BM$2,"'),"),"") | BN3: =IF(AB3=1,_xlfn.CONCAT("(",$AN3,", '",BN$2,"'),"),"") | BO3: =IF(Z3=1,_xlfn.CONCAT("(",$AN3,", '",BO$2,"'),"),"") -> (1, 'SINGLE_PHASE'),
A4: SUN2000L-3KTL | B4: HUAWEI | C4: 149.5 | D4: 375 | E4: 375 | F4: 11.6 | G4: CONVECÇÃO NATURAL | H4: 1 | I4: 1 | J4: 0 | K4: 1 | L4: 0 | M4: 3000 | N4: 3300 | O4: 1 | P4: 2 | Q4: 600 | R4: 120 | S4: 500 | T4: 90 | U4: -1 | V4: -1 | W4: 380 | X4: 15 | Y4: 11 | Z4: 1 | AA4: 0 | AB4: 0 | AC4: 220 | AE4: 15 | AF4: 15 | AG4: 50 | AH4: 60 | AI4: -30 | AJ4: IP65 | AK4: TRANSFORMERLESS | AL4: 0 | AN4: 2 | AO4: 0 | AP4: =O4*P4 -> 2 | AR4: 1 | AS4: 0 | AT4: 0 | AU4: 1 | AW4: 0 | AY4: =IF(B4="WEG","1",IF(B4="HUAWEI","2",IF(B4="FOX ESS","3",IF(B4="GOODWE","4",IF(B4="PHB","5",IF(B4="ASTRONERGY","6",IF(B4="BYD","7",IF(B4="HUASUN","8",IF(B4="JA SOLAR","9",IF(B4="JINKO","10",IF(B4="LONGI","11",IF(B4="RISEN","12",IF(B4="SUNOVA","13",IF(B4="TALESUN","14",IF(B4="TRINA SOLAR","15","NÃO CADASTRADO"))))))))))))))) -> 2 | BA4: =_xlfn.CONCAT("('",A4,"', ",AY4,", ",SUBSTITUTE(D4,",","."),", ",SUBSTITUTE(E4,",","."),", ",SUBSTITUTE(C4,",","."),", ",SUBSTITUTE(F4,",","."),", ",AH4,", ",AI4,", '",G4,"', '",AJ4,"', '",AK4,"', ",M4,", ",N4,", ",AC4,", ",SUBSTITUTE(AF4,",","."),", ",SUBSTITUTE(AE4,",","."),", ",AG4,", ",P4,", ",AP4,", ",AL4,"),") -> ('SUN2000L-3KTL', 2, 375, 375, 149.5, 11.6, 60, -30, 'CONVECÇÃO NATURAL', 'IP65', 'TRANSFORMERLESS', 3000, 3300, 220, 15, 15, 50, 2, 2, 0), | BB4: =_xlfn.CONCAT("(",AN4,", 0, ",O4,", ",Q4,", ",R4,", ",S4,", ",T4,", ",U4,", ",V4,", ",W4,", ",SUBSTITUTE(X4,",","."),", ",SUBSTITUTE(Y4,",","."),"), ") -> (2, 0, 1, 600, 120, 500, 90, -1, -1, 380, 15, 11), | BC4: =IF(AR4=1,_xlfn.CONCAT("(",$AN4,", 'ON-GRID'),"),"") -> (2, 'ON-GRID'), | BD4: =IF(AS4=1,_xlfn.CONCAT("(",$AN4,", 'OFF-GRID'),"),"") | BE4: =IF(AT4=1,_xlfn.CONCAT("(",$AN4,", 'GRIDZERO'),"),"") | BF4: =IF(AU4=1,_xlfn.CONCAT("(",$AN4,", 'HYBRID'),"),"") -> (2, 'HYBRID'), | BG4: =IF(H4=1,_xlfn.CONCAT("(",$AN4,", '",BG$2,"'),"),"") -> (2, 'WIFI'), | BH4: =IF(I4=1,_xlfn.CONCAT("(",$AN4,", '",BH$2,"'),"),"") -> (2, 'RS485'), | BI4: =IF(J4=1,_xlfn.CONCAT("(",$AN4,", '",BI$2,"'),"),"") | BJ4: =IF(K4=1,_xlfn.CONCAT("(",$AN4,", '",BJ$2,"'),"),"") -> (2, 'LED'), | BK4: =IF(L4=1,_xlfn.CONCAT("(",$AN4,", '",BK$2,"'),"),"") | BL4: =IF(M4=1,_xlfn.CONCAT("(",$AN4,", '",BL$2,"'),"),"") | BM4: =IF(AA4=1,_xlfn.CONCAT("(",$AN4,", '",BM$2,"'),"),"") | BN4: =IF(AB4=1,_xlfn.CONCAT("(",$AN4,", '",BN$2,"'),"),"") | BO4: =IF(Z4=1,_xlfn.CONCAT("(",$AN4,", '",BO$2,"'),"),"") -> (2, 'SINGLE_PHASE'),
A5: SUN2000L-3.68KTL | B5: HUAWEI | C5: 149.5 | D5: 375 | E5: 375 | F5: 11.6 | G5: CONVECÇÃO NATURAL | H5: 1 | I5: 1 | J5: 0 | K5: 1 | L5: 0 | M5: 3680 | N5: 3680 | O5: 1 | P5: 2 | Q5: 600 | R5: 120 | S5: 500 | T5: 90 | U5: -1 | V5: -1 | W5: 380 | X5: 15 | Y5: 11 | Z5: 1 | AA5: 0 | AB5: 0 | AC5: 220 | AE5: 16 | AF5: 16 | AG5: 50 | AH5: 60 | AI5: -30 | AJ5: IP65 | AK5: TRANSFORMERLESS | AL5: 0 | AN5: 3 | AO5: 0 | AP5: =O5*P5 -> 2 | AR5: 1 | AS5: 0 | AT5: 0 | AU5: 1 | AW5: 0 | AY5: =IF(B5="WEG","1",IF(B5="HUAWEI","2",IF(B5="FOX ESS","3",IF(B5="GOODWE","4",IF(B5="PHB","5",IF(B5="ASTRONERGY","6",IF(B5="BYD","7",IF(B5="HUASUN","8",IF(B5="JA SOLAR","9",IF(B5="JINKO","10",IF(B5="LONGI","11",IF(B5="RISEN","12",IF(B5="SUNOVA","13",IF(B5="TALESUN","14",IF(B5="TRINA SOLAR","15","NÃO CADASTRADO"))))))))))))))) -> 2 | BA5: =_xlfn.CONCAT("('",A5,"', ",AY5,", ",SUBSTITUTE(D5,",","."),", ",SUBSTITUTE(E5,",","."),", ",SUBSTITUTE(C5,",","."),", ",SUBSTITUTE(F5,",","."),", ",AH5,", ",AI5,", '",G5,"', '",AJ5,"', '",AK5,"', ",M5,", ",N5,", ",AC5,", ",SUBSTITUTE(AF5,",","."),", ",SUBSTITUTE(AE5,",","."),", ",AG5,", ",P5,", ",AP5,", ",AL5,"),") -> ('SUN2000L-3.68KTL', 2, 375, 375, 149.5, 11.6, 60, -30, 'CONVECÇÃO NATURAL', 'IP65', 'TRANSFORMERLESS', 3680, 3680, 220, 16, 16, 50, 2, 2, 0), | BB5: =_xlfn.CONCAT("(",AN5,", 0, ",O5,", ",Q5,", ",R5,", ",S5,", ",T5,", ",U5,", ",V5,", ",W5,", ",SUBSTITUTE(X5,",","."),", ",SUBSTITUTE(Y5,",","."),"), ") -> (3, 0, 1, 600, 120, 500, 90, -1, -1, 380, 15, 11), | BC5: =IF(AR5=1,_xlfn.CONCAT("(",$AN5,", 'ON-GRID'),"),"") -> (3, 'ON-GRID'), | BD5: =IF(AS5=1,_xlfn.CONCAT("(",$AN5,", 'OFF-GRID'),"),"") | BE5: =IF(AT5=1,_xlfn.CONCAT("(",$AN5,", 'GRIDZERO'),"),"") | BF5: =IF(AU5=1,_xlfn.CONCAT("(",$AN5,", 'HYBRID'),"),"") -> (3, 'HYBRID'), | BG5: =IF(H5=1,_xlfn.CONCAT("(",$AN5,", '",BG$2,"'),"),"") -> (3, 'WIFI'), | BH5: =IF(I5=1,_xlfn.CONCAT("(",$AN5,", '",BH$2,"'),"),"") -> (3, 'RS485'), | BI5: =IF(J5=1,_xlfn.CONCAT("(",$AN5,", '",BI$2,"'),"),"") | BJ5: =IF(K5=1,_xlfn.CONCAT("(",$AN5,", '",BJ$2,"'),"),"") -> (3, 'LED'), | BK5: =IF(L5=1,_xlfn.CONCAT("(",$AN5,", '",BK$2,"'),"),"") | BL5: =IF(M5=1,_xlfn.CONCAT("(",$AN5,", '",BL$2,"'),"),"") | BM5: =IF(AA5=1,_xlfn.CONCAT("(",$AN5,", '",BM$2,"'),"),"") | BN5: =IF(AB5=1,_xlfn.CONCAT("(",$AN5,", '",BN$2,"'),"),"") | BO5: =IF(Z5=1,_xlfn.CONCAT("(",$AN5,", '",BO$2,"'),"),"") -> (3, 'SINGLE_PHASE'),
A6: SUN2000L-4KTL | B6: HUAWEI | C6: 149.5 | D6: 375 | E6: 375 | F6: 11.6 | G6: CONVECÇÃO NATURAL | H6: 1 | I6: 1 | J6: 0 | K6: 1 | L6: 0 | M6: 4000 | N6: 4400 | O6: 1 | P6: 2 | Q6: 600 | R6: 120 | S6: 500 | T6: 90 | U6: -1 | V6: -1 | W6: 380 | X6: 15 | Y6: 11 | Z6: 1 | AA6: 0 | AB6: 0 | AC6: 220 | AE6: 20 | AF6: 20 | AG6: 50 | AH6: 60 | AI6: -30 | AJ6: IP65 | AK6: TRANSFORMERLESS | AL6: 0 | AN6: 4 | AO6: 0 | AP6: =O6*P6 -> 2 | AR6: 1 | AS6: 0 | AT6: 0 | AU6: 1 | AW6: 0 | AY6: =IF(B6="WEG","1",IF(B6="HUAWEI","2",IF(B6="FOX ESS","3",IF(B6="GOODWE","4",IF(B6="PHB","5",IF(B6="ASTRONERGY","6",IF(B6="BYD","7",IF(B6="HUASUN","8",IF(B6="JA SOLAR","9",IF(B6="JINKO","10",IF(B6="LONGI","11",IF(B6="RISEN","12",IF(B6="SUNOVA","13",IF(B6="TALESUN","14",IF(B6="TRINA SOLAR","15","NÃO CADASTRADO"))))))))))))))) -> 2 | BA6: =_xlfn.CONCAT("('",A6,"', ",AY6,", ",SUBSTITUTE(D6,",","."),", ",SUBSTITUTE(E6,",","."),", ",SUBSTITUTE(C6,",","."),", ",SUBSTITUTE(F6,",","."),", ",AH6,", ",AI6,", '",G6,"', '",AJ6,"', '",AK6,"', ",M6,", ",N6,", ",AC6,", ",SUBSTITUTE(AF6,",","."),", ",SUBSTITUTE(AE6,",","."),", ",AG6,", ",P6,", ",AP6,", ",AL6,"),") -> ('SUN2000L-4KTL', 2, 375, 375, 149.5, 11.6, 60, -30, 'CONVECÇÃO NATURAL', 'IP65', 'TRANSFORMERLESS', 4000, 4400, 220, 20, 20, 50, 2, 2, 0), | BB6: =_xlfn.CONCAT("(",AN6,", 0, ",O6,", ",Q6,", ",R6,", ",S6,", ",T6,", ",U6,", ",V6,", ",W6,", ",SUBSTITUTE(X6,",","."),", ",SUBSTITUTE(Y6,",","."),"), ") -> (4, 0, 1, 600, 120, 500, 90, -1, -1, 380, 15, 11), | BC6: =IF(AR6=1,_xlfn.CONCAT("(",$AN6,", 'ON-GRID'),"),"") -> (4, 'ON-GRID'), | BD6: =IF(AS6=1,_xlfn.CONCAT("(",$AN6,", 'OFF-GRID'),"),"") | BE6: =IF(AT6=1,_xlfn.CONCAT("(",$AN6,", 'GRIDZERO'),"),"") | BF6: =IF(AU6=1,_xlfn.CONCAT("(",$AN6,", 'HYBRID'),"),"") -> (4, 'HYBRID'), | BG6: =IF(H6=1,_xlfn.CONCAT("(",$AN6,", '",BG$2,"'),"),"") -> (4, 'WIFI'), | BH6: =IF(I6=1,_xlfn.CONCAT("(",$AN6,", '",BH$2,"'),"),"") -> (4, 'RS485'), | BI6: =IF(J6=1,_xlfn.CONCAT("(",$AN6,", '",BI$2,"'),"),"") | BJ6: =IF(K6=1,_xlfn.CONCAT("(",$AN6,", '",BJ$2,"'),"),"") -> (4, 'LED'), | BK6: =IF(L6=1,_xlfn.CONCAT("(",$AN6,", '",BK$2,"'),"),"") | BL6: =IF(M6=1,_xlfn.CONCAT("(",$AN6,", '",BL$2,"'),"),"") | BM6: =IF(AA6=1,_xlfn.CONCAT("(",$AN6,", '",BM$2,"'),"),"") | BN6: =IF(AB6=1,_xlfn.CONCAT("(",$AN6,", '",BN$2,"'),"),"") | BO6: =IF(Z6=1,_xlfn.CONCAT("(",$AN6,", '",BO$2,"'),"),"") -> (4, 'SINGLE_PHASE'),
A7: SUN2000L-4.6KTL | B7: HUAWEI | C7: 149.5 | D7: 375 | E7: 375 | F7: 11.6 | G7: CONVECÇÃO NATURAL | H7: 1 | I7: 1 | J7: 0 | K7: 1 | L7: 0 | M7: 4600 | N7: 5000 | O7: 1 | P7: 2 | Q7: 600 | R7: 120 | S7: 500 | T7: 90 | U7: -1 | V7: -1 | W7: 380 | X7: 15 | Y7: 11 | Z7: 1 | AA7: 0 | AB7: 0 | AC7: 220 | AE7: 23 | AF7: 23 | AG7: 50 | AH7: 60 | AI7: -30 | AJ7: IP65 | AK7: TRANSFORMERLESS | AL7: 0 | AN7: 5 | AO7: 0 | AP7: =O7*P7 -> 2 | AR7: 1 | AS7: 0 | AT7: 0 | AU7: 1 | AW7: 0 | AY7: =IF(B7="WEG","1",IF(B7="HUAWEI","2",IF(B7="FOX ESS","3",IF(B7="GOODWE","4",IF(B7="PHB","5",IF(B7="ASTRONERGY","6",IF(B7="BYD","7",IF(B7="HUASUN","8",IF(B7="JA SOLAR","9",IF(B7="JINKO","10",IF(B7="LONGI","11",IF(B7="RISEN","12",IF(B7="SUNOVA","13",IF(B7="TALESUN","14",IF(B7="TRINA SOLAR","15","NÃO CADASTRADO"))))))))))))))) -> 2 | BA7: =_xlfn.CONCAT("('",A7,"', ",AY7,", ",SUBSTITUTE(D7,",","."),", ",SUBSTITUTE(E7,",","."),", ",SUBSTITUTE(C7,",","."),", ",SUBSTITUTE(F7,",","."),", ",AH7,", ",AI7,", '",G7,"', '",AJ7,"', '",AK7,"', ",M7,", ",N7,", ",AC7,", ",SUBSTITUTE(AF7,",","."),", ",SUBSTITUTE(AE7,",","."),", ",AG7,", ",P7,", ",AP7,", ",AL7,"),") -> ('SUN2000L-4.6KTL', 2, 375, 375, 149.5, 11.6, 60, -30, 'CONVECÇÃO NATURAL', 'IP65', 'TRANSFORMERLESS', 4600, 5000, 220, 23, 23, 50, 2, 2, 0), | BB7: =_xlfn.CONCAT("(",AN7,", 0, ",O7,", ",Q7,", ",R7,", ",S7,", ",T7,", ",U7,", ",V7,", ",W7,", ",SUBSTITUTE(X7,",","."),", ",SUBSTITUTE(Y7,",","."),"), ") -> (5, 0, 1, 600, 120, 500, 90, -1, -1, 380, 15, 11), | BC7: =IF(AR7=1,_xlfn.CONCAT("(",$AN7,", 'ON-GRID'),"),"") -> (5, 'ON-GRID'), | BD7: =IF(AS7=1,_xlfn.CONCAT("(",$AN7,", 'OFF-GRID'),"),"") | BE7: =IF(AT7=1,_xlfn.CONCAT("(",$AN7,", 'GRIDZERO'),"),"") | BF7: =IF(AU7=1,_xlfn.CONCAT("(",$AN7,", 'HYBRID'),"),"") -> (5, 'HYBRID'), | BG7: =IF(H7=1,_xlfn.CONCAT("(",$AN7,", '",BG$2,"'),"),"") -> (5, 'WIFI'), | BH7: =IF(I7=1,_xlfn.CONCAT("(",$AN7,", '",BH$2,"'),"),"") -> (5, 'RS485'), | BI7: =IF(J7=1,_xlfn.CONCAT("(",$AN7,", '",BI$2,"'),"),"") | BJ7: =IF(K7=1,_xlfn.CONCAT("(",$AN7,", '",BJ$2,"'),"),"") -> (5, 'LED'), | BK7: =IF(L7=1,_xlfn.CONCAT("(",$AN7,", '",BK$2,"'),"),"") | BL7: =IF(M7=1,_xlfn.CONCAT("(",$AN7,", '",BL$2,"'),"),"") | BM7: =IF(AA7=1,_xlfn.CONCAT("(",$AN7,", '",BM$2,"'),"),"") | BN7: =IF(AB7=1,_xlfn.CONCAT("(",$AN7,", '",BN$2,"'),"),"") | BO7: =IF(Z7=1,_xlfn.CONCAT("(",$AN7,", '",BO$2,"'),"),"") -> (5, 'SINGLE_PHASE'),
A8: SUN2000L-5KTL | B8: HUAWEI | C8: 149.5 | D8: 375 | E8: 375 | F8: 11.6 | G8: CONVECÇÃO NATURAL | H8: 1 | I8: 1 | J8: 0 | K8: 1 | L8: 0 | M8: 5000 | N8: 5500 | O8: 1 | P8: 2 | Q8: 600 | R8: 120 | S8: 500 | T8: 90 | U8: -1 | V8: -1 | W8: 380 | X8: 15 | Y8: 11 | Z8: 1 | AA8: 0 | AB8: 0 | AC8: 220 | AE8: 25 | AF8: 25 | AG8: 50 | AH8: 60 | AI8: -30 | AJ8: IP65 | AK8: TRANSFORMERLESS | AL8: 0 | AN8: 6 | AO8: 0 | AP8: =O8*P8 -> 2 | AR8: 1 | AS8: 0 | AT8: 0 | AU8: 1 | AW8: 0 | AY8: =IF(B8="WEG","1",IF(B8="HUAWEI","2",IF(B8="FOX ESS","3",IF(B8="GOODWE","4",IF(B8="PHB","5",IF(B8="ASTRONERGY","6",IF(B8="BYD","7",IF(B8="HUASUN","8",IF(B8="JA SOLAR","9",IF(B8="JINKO","10",IF(B8="LONGI","11",IF(B8="RISEN","12",IF(B8="SUNOVA","13",IF(B8="TALESUN","14",IF(B8="TRINA SOLAR","15","NÃO CADASTRADO"))))))))))))))) -> 2 | BA8: =_xlfn.CONCAT("('",A8,"', ",AY8,", ",SUBSTITUTE(D8,",","."),", ",SUBSTITUTE(E8,",","."),", ",SUBSTITUTE(C8,",","."),", ",SUBSTITUTE(F8,",","."),", ",AH8,", ",AI8,", '",G8,"', '",AJ8,"', '",AK8,"', ",M8,", ",N8,", ",AC8,", ",SUBSTITUTE(AF8,",","."),", ",SUBSTITUTE(AE8,",","."),", ",AG8,", ",P8,", ",AP8,", ",AL8,"),") -> ('SUN2000L-5KTL', 2, 375, 375, 149.5, 11.6, 60, -30, 'CONVECÇÃO NATURAL', 'IP65', 'TRANSFORMERLESS', 5000, 5500, 220, 25, 25, 50, 2, 2, 0), | BB8: =_xlfn.CONCAT("(",AN8,", 0, ",O8,", ",Q8,", ",R8,", ",S8,", ",T8,", ",U8,", ",V8,", ",W8,", ",SUBSTITUTE(X8,",","."),", ",SUBSTITUTE(Y8,",","."),"), ") -> (6, 0, 1, 600, 120, 500, 90, -1, -1, 380, 15, 11), | BC8: =IF(AR8=1,_xlfn.CONCAT("(",$AN8,", 'ON-GRID'),"),"") -> (6, 'ON-GRID'), | BD8: =IF(AS8=1,_xlfn.CONCAT("(",$AN8,", 'OFF-GRID'),"),"") | BE8: =IF(AT8=1,_xlfn.CONCAT("(",$AN8,", 'GRIDZERO'),"),"") | BF8: =IF(AU8=1,_xlfn.CONCAT("(",$AN8,", 'HYBRID'),"),"") -> (6, 'HYBRID'), | BG8: =IF(H8=1,_xlfn.CONCAT("(",$AN8,", '",BG$2,"'),"),"") -> (6, 'WIFI'), | BH8: =IF(I8=1,_xlfn.CONCAT("(",$AN8,", '",BH$2,"'),"),"") -> (6, 'RS485'), | BI8: =IF(J8=1,_xlfn.CONCAT("(",$AN8,", '",BI$2,"'),"),"") | BJ8: =IF(K8=1,_xlfn.CONCAT("(",$AN8,", '",BJ$2,"'),"),"") -> (6, 'LED'), | BK8: =IF(L8=1,_xlfn.CONCAT("(",$AN8,", '",BK$2,"'),"),"") | BL8: =IF(M8=1,_xlfn.CONCAT("(",$AN8,", '",BL$2,"'),"),"") | BM8: =IF(AA8=1,_xlfn.CONCAT("(",$AN8,", '",BM$2,"'),"),"") | BN8: =IF(AB8=1,_xlfn.CONCAT("(",$AN8,", '",BN$2,"'),"),"") | BO8: =IF(Z8=1,_xlfn.CONCAT("(",$AN8,", '",BO$2,"'),"),"") -> (6, 'SINGLE_PHASE'),
A9: SUN2000-8KTL | B9: HUAWEI | C9: 266 | D9: 520 | E9: 610 | F9: 42 | G9: CONVECÇÃO NATURAL | H9: 0 | I9: 1 | J9: 1 | K9: 1 | L9: 1 | M9: 8000 | N9: 8800 | O9: 2 | P9: 2 | Q9: 1000 | R9: 250 | S9: 950 | T9: 200 | U9: 800 | V9: 320 | W9: -1 | X9: 25 | Y9: 18 | Z9: 0 | AA9: 0 | AB9: 1 | AC9: 380 | AE9: 13.4 | AF9: 13.4 | AG9: 50 | AH9: 60 | AI9: -25 | AJ9: IP65 | AK9: TRANSFORMERLESS | AL9: 0 | AN9: 7 | AO9: 0 | AP9: =O9*P9 -> 4 | AR9: 1 | AS9: 0 | AT9: 0 | AU9: 0 | AW9: 0 | AY9: =IF(B9="WEG","1",IF(B9="HUAWEI","2",IF(B9="FOX ESS","3",IF(B9="GOODWE","4",IF(B9="PHB","5",IF(B9="ASTRONERGY","6",IF(B9="BYD","7",IF(B9="HUASUN","8",IF(B9="JA SOLAR","9",IF(B9="JINKO","10",IF(B9="LONGI","11",IF(B9="RISEN","12",IF(B9="SUNOVA","13",IF(B9="TALESUN","14",IF(B9="TRINA SOLAR","15","NÃO CADASTRADO"))))))))))))))) -> 2 | BA9: =_xlfn.CONCAT("('",A9,"', ",AY9,", ",SUBSTITUTE(D9,",","."),", ",SUBSTITUTE(E9,",","."),", ",SUBSTITUTE(C9,",","."),", ",SUBSTITUTE(F9,",","."),", ",AH9,", ",AI9,", '",G9,"', '",AJ9,"', '",AK9,"', ",M9,", ",N9,", ",AC9,", ",SUBSTITUTE(AF9,",","."),", ",SUBSTITUTE(AE9,",","."),", ",AG9,", ",P9,", ",AP9,", ",AL9,"),") -> ('SUN2000-8KTL', 2, 520, 610, 266, 42, 60, -25, 'CONVECÇÃO NATURAL', 'IP65', 'TRANSFORMERLESS', 8000, 8800, 380, 13.4, 13.4, 50, 2, 4, 0), | BB9: =_xlfn.CONCAT("(",AN9,", 0, ",O9,", ",Q9,", ",R9,", ",S9,", ",T9,", ",U9,", ",V9,", ",W9,", ",SUBSTITUTE(X9,",","."),", ",SUBSTITUTE(Y9,",","."),"), ") -> (7, 0, 2, 1000, 250, 950, 200, 800, 320, -1, 25, 18), | BC9: =IF(AR9=1,_xlfn.CONCAT("(",$AN9,", 'ON-GRID'),"),"") -> (7, 'ON-GRID'), | BD9: =IF(AS9=1,_xlfn.CONCAT("(",$AN9,", 'OFF-GRID'),"),"") | BE9: =IF(AT9=1,_xlfn.CONCAT("(",$AN9,", 'GRIDZERO'),"),"") | BF9: =IF(AU9=1,_xlfn.CONCAT("(",$AN9,", 'HYBRID'),"),"") | BG9: =IF(H9=1,_xlfn.CONCAT("(",$AN9,", '",BG$2,"'),"),"") | BH9: =IF(I9=1,_xlfn.CONCAT("(",$AN9,", '",BH$2,"'),"),"") -> (7, 'RS485'), | BI9: =IF(J9=1,_xlfn.CONCAT("(",$AN9,", '",BI$2,"'),"),"") -> (7, 'DISPLAY'), | BJ9: =IF(K9=1,_xlfn.CONCAT("(",$AN9,", '",BJ$2,"'),"),"") -> (7, 'LED'), | BK9: =IF(L9=1,_xlfn.CONCAT("(",$AN9,", '",BK$2,"'),"),"") -> (7, 'USB'), | BL9: =IF(M9=1,_xlfn.CONCAT("(",$AN9,", '",BL$2,"'),"),"") | BM9: =IF(AA9=1,_xlfn.CONCAT("(",$AN9,", '",BM$2,"'),"),"") | BN9: =IF(AB9=1,_xlfn.CONCAT("(",$AN9,", '",BN$2,"'),"),"") -> (7, 'THREE_PHASE_FOUR_WIRE'), | BO9: =IF(Z9=1,_xlfn.CONCAT("(",$AN9,", '",BO$2,"'),"),"")
A10: SUN2000-10KTL | B10: HUAWEI | C10: 266 | D10: 520 | E10: 610 | F10: 42 | G10: CONVECÇÃO NATURAL | H10: 0 | I10: 1 | J10: 1 | K10: 1 | L10: 1 | M10: 10000 | N10: 11000 | O10: 2 | P10: 2 | Q10: 1000 | R10: 250 | S10: 950 | T10: 200 | U10: 800 | V10: 320 | W10: -1 | X10: 25 | Y10: 18 | Z10: 0 | AA10: 0 | AB10: 1 | AC10: 380 | AE10: 17 | AF10: 17 | AG10: 50 | AH10: 60 | AI10: -25 | AJ10: IP65 | AK10: TRANSFORMERLESS | AL10: 0 | AN10: 8 | AO10: 0 | AP10: =O10*P10 -> 4 | AR10: 1 | AS10: 0 | AT10: 0 | AU10: 0 | AW10: 0 | AY10: =IF(B10="WEG","1",IF(B10="HUAWEI","2",IF(B10="FOX ESS","3",IF(B10="GOODWE","4",IF(B10="PHB","5",IF(B10="ASTRONERGY","6",IF(B10="BYD","7",IF(B10="HUASUN","8",IF(B10="JA SOLAR","9",IF(B10="JINKO","10",IF(B10="LONGI","11",IF(B10="RISEN","12",IF(B10="SUNOVA","13",IF(B10="TALESUN","14",IF(B10="TRINA SOLAR","15","NÃO CADASTRADO"))))))))))))))) -> 2 | BA10: =_xlfn.CONCAT("('",A10,"', ",AY10,", ",SUBSTITUTE(D10,",","."),", ",SUBSTITUTE(E10,",","."),", ",SUBSTITUTE(C10,",","."),", ",SUBSTITUTE(F10,",","."),", ",AH10,", ",AI10,", '",G10,"', '",AJ10,"', '",AK10,"', ",M10,", ",N10,", ",AC10,", ",SUBSTITUTE(AF10,",","."),", ",SUBSTITUTE(AE10,",","."),", ",AG10,", ",P10,", ",AP10,", ",AL10,"),") -> ('SUN2000-10KTL', 2, 520, 610, 266, 42, 60, -25, 'CONVECÇÃO NATURAL', 'IP65', 'TRANSFORMERLESS', 10000, 11000, 380, 17, 17, 50, 2, 4, 0), | BB10: =_xlfn.CONCAT("(",AN10,", 0, ",O10,", ",Q10,", ",R10,", ",S10,", ",T10,", ",U10,", ",V10,", ",W10,", ",SUBSTITUTE(X10,",","."),", ",SUBSTITUTE(Y10,",","."),"), ") -> (8, 0, 2, 1000, 250, 950, 200, 800, 320, -1, 25, 18), | BC10: =IF(AR10=1,_xlfn.CONCAT("(",$AN10,", 'ON-GRID'),"),"") -> (8, 'ON-GRID'), | BD10: =IF(AS10=1,_xlfn.CONCAT("(",$AN10,", 'OFF-GRID'),"),"") | BE10: =IF(AT10=1,_xlfn.CONCAT("(",$AN10,", 'GRIDZERO'),"),"") | BF10: =IF(AU10=1,_xlfn.CONCAT("(",$AN10,", 'HYBRID'),"),"") | BG10: =IF(H10=1,_xlfn.CONCAT("(",$AN10,", '",BG$2,"'),"),"") | BH10: =IF(I10=1,_xlfn.CONCAT("(",$AN10,", '",BH$2,"'),"),"") -> (8, 'RS485'), | BI10: =IF(J10=1,_xlfn.CONCAT("(",$AN10,", '",BI$2,"'),"),"") -> (8, 'DISPLAY'), | BJ10: =IF(K10=1,_xlfn.CONCAT("(",$AN10,", '",BJ$2,"'),"),"") -> (8, 'LED'), | BK10: =IF(L10=1,_xlfn.CONCAT("(",$AN10,", '",BK$2,"'),"),"") -> (8, 'USB'), | BL10: =IF(M10=1,_xlfn.CONCAT("(",$AN10,", '",BL$2,"'),"),"") | BM10: =IF(AA10=1,_xlfn.CONCAT("(",$AN10,", '",BM$2,"'),"),"") | BN10: =IF(AB10=1,_xlfn.CONCAT("(",$AN10,", '",BN$2,"'),"),"") -> (8, 'THREE_PHASE_FOUR_WIRE'), | BO10: =IF(Z10=1,_xlfn.CONCAT("(",$AN10,", '",BO$2,"'),"),"")
A11: SUN2000-12KTL | B11: HUAWEI | C11: 266 | D11: 520 | E11: 610 | F11: 42 | G11: CONVECÇÃO NATURAL | H11: 0 | I11: 1 | J11: 1 | K11: 1 | L11: 1 | M11: 12000 | N11: 13200 | O11: 2 | P11: 2 | Q11: 1000 | R11: 250 | S11: 950 | T11: 200 | U11: 800 | V11: 380 | W11: -1 | X11: 25 | Y11: 18 | Z11: 0 | AA11: 0 | AB11: 1 | AC11: 380 | AE11: 20 | AF11: 20 | AG11: 50 | AH11: 60 | AI11: -25 | AJ11: IP65 | AK11: TRANSFORMERLESS | AL11: 0 | AN11: 9 | AO11: 0 | AP11: =O11*P11 -> 4 | AR11: 1 | AS11: 0 | AT11: 0 | AU11: 0 | AW11: 0 | AY11: =IF(B11="WEG","1",IF(B11="HUAWEI","2",IF(B11="FOX ESS","3",IF(B11="GOODWE","4",IF(B11="PHB","5",IF(B11="ASTRONERGY","6",IF(B11="BYD","7",IF(B11="HUASUN","8",IF(B11="JA SOLAR","9",IF(B11="JINKO","10",IF(B11="LONGI","11",IF(B11="RISEN","12",IF(B11="SUNOVA","13",IF(B11="TALESUN","14",IF(B11="TRINA SOLAR","15","NÃO CADASTRADO"))))))))))))))) -> 2 | BA11: =_xlfn.CONCAT("('",A11,"', ",AY11,", ",SUBSTITUTE(D11,",","."),", ",SUBSTITUTE(E11,",","."),", ",SUBSTITUTE(C11,",","."),", ",SUBSTITUTE(F11,",","."),", ",AH11,", ",AI11,", '",G11,"', '",AJ11,"', '",AK11,"', ",M11,", ",N11,", ",AC11,", ",SUBSTITUTE(AF11,",","."),", ",SUBSTITUTE(AE11,",","."),", ",AG11,", ",P11,", ",AP11,", ",AL11,"),") -> ('SUN2000-12KTL', 2, 520, 610, 266, 42, 60, -25, 'CONVECÇÃO NATURAL', 'IP65', 'TRANSFORMERLESS', 12000, 13200, 380, 20, 20, 50, 2, 4, 0), | BB11: =_xlfn.CONCAT("(",AN11,", 0, ",O11,", ",Q11,", ",R11,", ",S11,", ",T11,", ",U11,", ",V11,", ",W11,", ",SUBSTITUTE(X11,",","."),", ",SUBSTITUTE(Y11,",","."),"), ") -> (9, 0, 2, 1000, 250, 950, 200, 800, 380, -1, 25, 18), | BC11: =IF(AR11=1,_xlfn.CONCAT("(",$AN11,", 'ON-GRID'),"),"") -> (9, 'ON-GRID'), | BD11: =IF(AS11=1,_xlfn.CONCAT("(",$AN11,", 'OFF-GRID'),"),"") | BE11: =IF(AT11=1,_xlfn.CONCAT("(",$AN11,", 'GRIDZERO'),"),"") | BF11: =IF(AU11=1,_xlfn.CONCAT("(",$AN11,", 'HYBRID'),"),"") | BG11: =IF(H11=1,_xlfn.CONCAT("(",$AN11,", '",BG$2,"'),"),"") | BH11: =IF(I11=1,_xlfn.CONCAT("(",$AN11,", '",BH$2,"'),"),"") -> (9, 'RS485'), | BI11: =IF(J11=1,_xlfn.CONCAT("(",$AN11,", '",BI$2,"'),"),"") -> (9, 'DISPLAY'), | BJ11: =IF(K11=1,_xlfn.CONCAT("(",$AN11,", '",BJ$2,"'),"),"") -> (9, 'LED'), | BK11: =IF(L11=1,_xlfn.CONCAT("(",$AN11,", '",BK$2,"'),"),"") -> (9, 'USB'), | BL11: =IF(M11=1,_xlfn.CONCAT("(",$AN11,", '",BL$2,"'),"),"") | BM11: =IF(AA11=1,_xlfn.CONCAT("(",$AN11,", '",BM$2,"'),"),"") | BN11: =IF(AB11=1,_xlfn.CONCAT("(",$AN11,", '",BN$2,"'),"),"") -> (9, 'THREE_PHASE_FOUR_WIRE'), | BO11: =IF(Z11=1,_xlfn.CONCAT("(",$AN11,", '",BO$2,"'),"),"")
A12: SUN2000-15KTL | B12: HUAWEI | C12: 266 | D12: 520 | E12: 610 | F12: 50 | G12: CONVECÇÃO NATURAL | H12: 0 | I12: 1 | J12: 1 | K12: 1 | L12: 1 | M12: 15000 | N12: 16500 | O12: 2 | P12: 3 | Q12: 1000 | R12: 250 | S12: 950 | T12: 200 | U12: 800 | V12: 400 | W12: -1 | X12: 25 | Y12: 18 | Z12: 0 | AA12: 0 | AB12: 1 | AC12: 380 | AE12: 25.2 | AF12: 25.2 | AG12: 50 | AH12: 60 | AI12: -25 | AJ12: IP65 | AK12: TRANSFORMERLESS | AL12: 0 | AN12: 10 | AO12: 0 | AP12: =O12*P12 -> 6 | AR12: 1 | AS12: 0 | AT12: 0 | AU12: 0 | AW12: 0 | AY12: =IF(B12="WEG","1",IF(B12="HUAWEI","2",IF(B12="FOX ESS","3",IF(B12="GOODWE","4",IF(B12="PHB","5",IF(B12="ASTRONERGY","6",IF(B12="BYD","7",IF(B12="HUASUN","8",IF(B12="JA SOLAR","9",IF(B12="JINKO","10",IF(B12="LONGI","11",IF(B12="RISEN","12",IF(B12="SUNOVA","13",IF(B12="TALESUN","14",IF(B12="TRINA SOLAR","15","NÃO CADASTRADO"))))))))))))))) -> 2 | BA12: =_xlfn.CONCAT("('",A12,"', ",AY12,", ",SUBSTITUTE(D12,",","."),", ",SUBSTITUTE(E12,",","."),", ",SUBSTITUTE(C12,",","."),", ",SUBSTITUTE(F12,",","."),", ",AH12,", ",AI12,", '",G12,"', '",AJ12,"', '",AK12,"', ",M12,", ",N12,", ",AC12,", ",SUBSTITUTE(AF12,",","."),", ",SUBSTITUTE(AE12,",","."),", ",AG12,", ",P12,", ",AP12,", ",AL12,"),") -> ('SUN2000-15KTL', 2, 520, 610, 266, 50, 60, -25, 'CONVECÇÃO NATURAL', 'IP65', 'TRANSFORMERLESS', 15000, 16500, 380, 25.2, 25.2, 50, 3, 6, 0), | BB12: =_xlfn.CONCAT("(",AN12,", 0, ",O12,", ",Q12,", ",R12,", ",S12,", ",T12,", ",U12,", ",V12,", ",W12,", ",SUBSTITUTE(X12,",","."),", ",SUBSTITUTE(Y12,",","."),"), ") -> (10, 0, 2, 1000, 250, 950, 200, 800, 400, -1, 25, 18), | BC12: =IF(AR12=1,_xlfn.CONCAT("(",$AN12,", 'ON-GRID'),"),"") -> (10, 'ON-GRID'), | BD12: =IF(AS12=1,_xlfn.CONCAT("(",$AN12,", 'OFF-GRID'),"),"") | BE12: =IF(AT12=1,_xlfn.CONCAT("(",$AN12,", 'GRIDZERO'),"),"") | BF12: =IF(AU12=1,_xlfn.CONCAT("(",$AN12,", 'HYBRID'),"),"") | BG12: =IF(H12=1,_xlfn.CONCAT("(",$AN12,", '",BG$2,"'),"),"") | BH12: =IF(I12=1,_xlfn.CONCAT("(",$AN12,", '",BH$2,"'),"),"") -> (10, 'RS485'), | BI12: =IF(J12=1,_xlfn.CONCAT("(",$AN12,", '",BI$2,"'),"),"") -> (10, 'DISPLAY'), | BJ12: =IF(K12=1,_xlfn.CONCAT("(",$AN12,", '",BJ$2,"'),"),"") -> (10, 'LED'), | BK12: =IF(L12=1,_xlfn.CONCAT("(",$AN12,", '",BK$2,"'),"),"") -> (10, 'USB'), | BL12: =IF(M12=1,_xlfn.CONCAT("(",$AN12,", '",BL$2,"'),"),"") | BM12: =IF(AA12=1,_xlfn.CONCAT("(",$AN12,", '",BM$2,"'),"),"") | BN12: =IF(AB12=1,_xlfn.CONCAT("(",$AN12,", '",BN$2,"'),"),"") -> (10, 'THREE_PHASE_FOUR_WIRE'), | BO12: =IF(Z12=1,_xlfn.CONCAT("(",$AN12,", '",BO$2,"'),"),"")
A13: SUN2000-17KTL | B13: HUAWEI | C13: 266 | D13: 520 | E13: 610 | F13: 50 | G13: CONVECÇÃO NATURAL | H13: 0 | I13: 1 | J13: 1 | K13: 1 | L13: 1 | M13: 17000 | N13: 18700 | O13: 2 | P13: 3 | Q13: 1000 | R13: 250 | S13: 950 | T13: 200 | U13: 800 | V13: 400 | W13: -1 | X13: 25 | Y13: 18 | Z13: 0 | AA13: 0 | AB13: 1 | AC13: 380 | AE13: 28.5 | AF13: 28.5 | AG13: 50 | AH13: 60 | AI13: -25 | AJ13: IP65 | AK13: TRANSFORMERLESS | AL13: 0 | AN13: 11 | AO13: 0 | AP13: =O13*P13 -> 6 | AR13: 1 | AS13: 0 | AT13: 0 | AU13: 0 | AW13: 0 | AY13: =IF(B13="WEG","1",IF(B13="HUAWEI","2",IF(B13="FOX ESS","3",IF(B13="GOODWE","4",IF(B13="PHB","5",IF(B13="ASTRONERGY","6",IF(B13="BYD","7",IF(B13="HUASUN","8",IF(B13="JA SOLAR","9",IF(B13="JINKO","10",IF(B13="LONGI","11",IF(B13="RISEN","12",IF(B13="SUNOVA","13",IF(B13="TALESUN","14",IF(B13="TRINA SOLAR","15","NÃO CADASTRADO"))))))))))))))) -> 2 | BA13: =_xlfn.CONCAT("('",A13,"', ",AY13,", ",SUBSTITUTE(D13,",","."),", ",SUBSTITUTE(E13,",","."),", ",SUBSTITUTE(C13,",","."),", ",SUBSTITUTE(F13,",","."),", ",AH13,", ",AI13,", '",G13,"', '",AJ13,"', '",AK13,"', ",M13,", ",N13,", ",AC13,", ",SUBSTITUTE(AF13,",","."),", ",SUBSTITUTE(AE13,",","."),", ",AG13,", ",P13,", ",AP13,", ",AL13,"),") -> ('SUN2000-17KTL', 2, 520, 610, 266, 50, 60, -25, 'CONVECÇÃO NATURAL', 'IP65', 'TRANSFORMERLESS', 17000, 18700, 380, 28.5, 28.5, 50, 3, 6, 0), | BB13: =_xlfn.CONCAT("(",AN13,", 0, ",O13,", ",Q13,", ",R13,", ",S13,", ",T13,", ",U13,", ",V13,", ",W13,", ",SUBSTITUTE(X13,",","."),", ",SUBSTITUTE(Y13,",","."),"), ") -> (11, 0, 2, 1000, 250, 950, 200, 800, 400, -1, 25, 18), | BC13: =IF(AR13=1,_xlfn.CONCAT("(",$AN13,", 'ON-GRID'),"),"") -> (11, 'ON-GRID'), | BD13: =IF(AS13=1,_xlfn.CONCAT("(",$AN13,", 'OFF-GRID'),"),"") | BE13: =IF(AT13=1,_xlfn.CONCAT("(",$AN13,", 'GRIDZERO'),"),"") | BF13: =IF(AU13=1,_xlfn.CONCAT("(",$AN13,", 'HYBRID'),"),"") | BG13: =IF(H13=1,_xlfn.CONCAT("(",$AN13,", '",BG$2,"'),"),"") | BH13: =IF(I13=1,_xlfn.CONCAT("(",$AN13,", '",BH$2,"'),"),"") -> (11, 'RS485'), | BI13: =IF(J13=1,_xlfn.CONCAT("(",$AN13,", '",BI$2,"'),"),"") -> (11, 'DISPLAY'), | BJ13: =IF(K13=1,_xlfn.CONCAT("(",$AN13,", '",BJ$2,"'),"),"") -> (11, 'LED'), | BK13: =IF(L13=1,_xlfn.CONCAT("(",$AN13,", '",BK$2,"'),"),"") -> (11, 'USB'), | BL13: =IF(M13=1,_xlfn.CONCAT("(",$AN13,", '",BL$2,"'),"),"") | BM13: =IF(AA13=1,_xlfn.CONCAT("(",$AN13,", '",BM$2,"'),"),"") | BN13: =IF(AB13=1,_xlfn.CONCAT("(",$AN13,", '",BN$2,"'),"),"") -> (11, 'THREE_PHASE_FOUR_WIRE'), | BO13: =IF(Z13=1,_xlfn.CONCAT("(",$AN13,", '",BO$2,"'),"),"")
A14: SUN2000-20KTL | B14: HUAWEI | C14: 266 | D14: 520 | E14: 610 | F14: 50 | G14: CONVECÇÃO NATURAL | H14: 0 | I14: 1 | J14: 1 | K14: 1 | L14: 1 | M14: 20000 | N14: 22000 | O14: 2 | P14: 3 | Q14: 1000 | R14: 250 | S14: 950 | T14: 200 | U14: 800 | V14: 480 | W14: -1 | X14: 25 | Y14: 18 | Z14: 0 | AA14: 0 | AB14: 1 | AC14: 380 | AE14: 33.5 | AF14: 33.5 | AG14: 50 | AH14: 60 | AI14: -25 | AJ14: IP65 | AK14: TRANSFORMERLESS | AL14: 0 | AN14: 12 | AO14: 0 | AP14: =O14*P14 -> 6 | AR14: 1 | AS14: 0 | AT14: 0 | AU14: 0 | AW14: 0 | AY14: =IF(B14="WEG","1",IF(B14="HUAWEI","2",IF(B14="FOX ESS","3",IF(B14="GOODWE","4",IF(B14="PHB","5",IF(B14="ASTRONERGY","6",IF(B14="BYD","7",IF(B14="HUASUN","8",IF(B14="JA SOLAR","9",IF(B14="JINKO","10",IF(B14="LONGI","11",IF(B14="RISEN","12",IF(B14="SUNOVA","13",IF(B14="TALESUN","14",IF(B14="TRINA SOLAR","15","NÃO CADASTRADO"))))))))))))))) -> 2 | BA14: =_xlfn.CONCAT("('",A14,"', ",AY14,", ",SUBSTITUTE(D14,",","."),", ",SUBSTITUTE(E14,",","."),", ",SUBSTITUTE(C14,",","."),", ",SUBSTITUTE(F14,",","."),", ",AH14,", ",AI14,", '",G14,"', '",AJ14,"', '",AK14,"', ",M14,", ",N14,", ",AC14,", ",SUBSTITUTE(AF14,",","."),", ",SUBSTITUTE(AE14,",","."),", ",AG14,", ",P14,", ",AP14,", ",AL14,"),") -> ('SUN2000-20KTL', 2, 520, 610, 266, 50, 60, -25, 'CONVECÇÃO NATURAL', 'IP65', 'TRANSFORMERLESS', 20000, 22000, 380, 33.5, 33.5, 50, 3, 6, 0), | BB14: =_xlfn.CONCAT("(",AN14,", 0, ",O14,", ",Q14,", ",R14,", ",S14,", ",T14,", ",U14,", ",V14,", ",W14,", ",SUBSTITUTE(X14,",","."),", ",SUBSTITUTE(Y14,",","."),"), ") -> (12, 0, 2, 1000, 250, 950, 200, 800, 480, -1, 25, 18), | BC14: =IF(AR14=1,_xlfn.CONCAT("(",$AN14,", 'ON-GRID'),"),"") -> (12, 'ON-GRID'), | BD14: =IF(AS14=1,_xlfn.CONCAT("(",$AN14,", 'OFF-GRID'),"),"") | BE14: =IF(AT14=1,_xlfn.CONCAT("(",$AN14,", 'GRIDZERO'),"),"") | BF14: =IF(AU14=1,_xlfn.CONCAT("(",$AN14,", 'HYBRID'),"),"") | BG14: =IF(H14=1,_xlfn.CONCAT("(",$AN14,", '",BG$2,"'),"),"") | BH14: =IF(I14=1,_xlfn.CONCAT("(",$AN14,", '",BH$2,"'),"),"") -> (12, 'RS485'), | BI14: =IF(J14=1,_xlfn.CONCAT("(",$AN14,", '",BI$2,"'),"),"") -> (12, 'DISPLAY'), | BJ14: =IF(K14=1,_xlfn.CONCAT("(",$AN14,", '",BJ$2,"'),"),"") -> (12, 'LED'), | BK14: =IF(L14=1,_xlfn.CONCAT("(",$AN14,", '",BK$2,"'),"),"") -> (12, 'USB'), | BL14: =IF(M14=1,_xlfn.CONCAT("(",$AN14,", '",BL$2,"'),"),"") | BM14: =IF(AA14=1,_xlfn.CONCAT("(",$AN14,", '",BM$2,"'),"),"") | BN14: =IF(AB14=1,_xlfn.CONCAT("(",$AN14,", '",BN$2,"'),"),"") -> (12, 'THREE_PHASE_FOUR_WIRE'), | BO14: =IF(Z14=1,_xlfn.CONCAT("(",$AN14,", '",BO$2,"'),"),"")
... A150: SIW200H M046 W00 | B150: WEG | C150: 185 | D150: 434 | E150: 418 | F150: 22 | G150: CONVECÇÃO NATURAL | H150: 1 | I150: 1 | J150: 1 | K150: 1 | L150: 1 | M150: 4600 | N150: 5060 | O150: 1 | P150: 2 | Q150: 600 | R150: 75 | S150: 550 | T150: 80 | U150: 550 | V150: 80 | W150: 360 | X150: 20 | Y150: 16 | Z150: 1 | AA150: 0 | AB150: 0 | AC150: 220 | AE150: 23 | AF150: 20.9 | AG150: 100 | AH150: 60 | AI150: -25 | AJ150: IP65 | AK150: TRANSFORMERLESS | AL150: 1 | AN150: 148 | AO150: 0 | AP150: =O150*P150 -> 2 | AR150: 1 | AS150: 0 | AT150: 0 | AU150: 1 | AW150: 0 | AY150: =IF(B150="WEG","1",IF(B150="HUAWEI","2",IF(B150="FOX ESS","3",IF(B150="GOODWE","4",IF(B150="PHB","5",IF(B150="ASTRONERGY","6",IF(B150="BYD","7",IF(B150="HUASUN","8",IF(B150="JA SOLAR","9",IF(B150="JINKO","10",IF(B150="LONGI","11",IF(B150="RISEN","12",IF(B150="SUNOVA","13",IF(B150="TALESUN","14",IF(B150="TRINA SOLAR","15","NÃO CADASTRADO"))))))))))))))) -> 1 | BA150: =_xlfn.CONCAT("('",A150,"', ",AY150,", ",SUBSTITUTE(D150,",","."),", ",SUBSTITUTE(E150,",","."),", ",SUBSTITUTE(C150,",","."),", ",SUBSTITUTE(F150,",","."),", ",AH150,", ",AI150,", '",G150,"', '",AJ150,"', '",AK150,"', ",M150,", ",N150,", ",AC150,", ",SUBSTITUTE(AF150,",","."),", ",SUBSTITUTE(AE150,",","."),", ",AG150,", ",P150,", ",AP150,", ",AL150,"),") -> ('SIW200H M046 W00', 1, 434, 418, 185, 22, 60, -25, 'CONVECÇÃO NATURAL', 'IP65', 'TRANSFORMERLESS', 4600, 5060, 220, 20.9, 23, 100, 2, 2, 1), | BB150: =_xlfn.CONCAT("(",AN150,", 0, ",O150,", ",Q150,", ",R150,", ",S150,", ",T150,", ",U150,", ",V150,", ",W150,", ",SUBSTITUTE(X150,",","."),", ",SUBSTITUTE(Y150,",","."),"), ") -> (148, 0, 1, 600, 75, 550, 80, 550, 80, 360, 20, 16), | BC150: =IF(AR150=1,_xlfn.CONCAT("(",$AN150,", 'ON-GRID'),"),"") -> (148, 'ON-GRID'), | BD150: =IF(AS150=1,_xlfn.CONCAT("(",$AN150,", 'OFF-GRID'),"),"") | BE150: =IF(AT150=1,_xlfn.CONCAT("(",$AN150,", 'GRIDZERO'),"),"") | BF150: =IF(AU150=1,_xlfn.CONCAT("(",$AN150,", 'HYBRID'),"),"") -> (148, 'HYBRID'), | BG150: =IF(H150=1,_xlfn.CONCAT("(",$AN150,", '",BG$2,"'),"),"") -> (148, 'WIFI'), | BH150: =IF(I150=1,_xlfn.CONCAT("(",$AN150,", '",BH$2,"'),"),"") -> (148, 'RS485'), | BI150: =IF(J150=1,_xlfn.CONCAT("(",$AN150,", '",BI$2,"'),"),"") -> (148, 'DISPLAY'), | BJ150: =IF(K150=1,_xlfn.CONCAT("(",$AN150,", '",BJ$2,"'),"),"") -> (148, 'LED'), | BK150: =IF(L150=1,_xlfn.CONCAT("(",$AN150,", '",BK$2,"'),"),"") -> (148, 'USB'), | BL150: =IF(M150=1,_xlfn.CONCAT("(",$AN150,", '",BL$2,"'),"),"") | BM150: =IF(AA150=1,_xlfn.CONCAT("(",$AN150,", '",BM$2,"'),"),"") | BN150: =IF(AB150=1,_xlfn.CONCAT("(",$AN150,", '",BN$2,"'),"),"") | BO150: =IF(Z150=1,_xlfn.CONCAT("(",$AN150,", '",BO$2,"'),"),"") -> (148, 'SINGLE_PHASE'),
A151: SIW200H M050 W00 | B151: WEG | C151: 185 | D151: 434 | E151: 418 | F151: 22 | G151: CONVECÇÃO NATURAL | H151: 1 | I151: 1 | J151: 1 | K151: 1 | L151: 1 | M151: 5000 | N151: 5500 | O151: 1 | P151: 2 | Q151: 600 | R151: 75 | S151: 550 | T151: 80 | U151: 550 | V151: 80 | W151: 360 | X151: 20 | Y151: 16 | Z151: 1 | AA151: 0 | AB151: 0 | AC151: 220 | AE151: 25 | AF151: 22.7 | AG151: 100 | AH151: 60 | AI151: -25 | AJ151: IP65 | AK151: TRANSFORMERLESS | AL151: 1 | AN151: 149 | AO151: 0 | AP151: 2 | AR151: 1 | AS151: 0 | AT151: 0 | AU151: 1 | AW151: 0 | AY151: 1 | BA151: =_xlfn.CONCAT("('",A151,"', ",AY151,", ",SUBSTITUTE(D151,",","."),", ",SUBSTITUTE(E151,",","."),", ",SUBSTITUTE(C151,",","."),", ",SUBSTITUTE(F151,",","."),", ",AH151,", ",AI151,", '",G151,"', '",AJ151,"', '",AK151,"', ",M151,", ",N151,", ",AC151,", ",SUBSTITUTE(AF151,",","."),", ",SUBSTITUTE(AE151,",","."),", ",AG151,", ",P151,", ",AP151,", ",AL151,"),") -> ('SIW200H M050 W00', 1, 434, 418, 185, 22, 60, -25, 'CONVECÇÃO NATURAL', 'IP65', 'TRANSFORMERLESS', 5000, 5500, 220, 22.7, 25, 100, 2, 2, 1), | BB151: =_xlfn.CONCAT("(",AN151,", 0, ",O151,", ",Q151,", ",R151,", ",S151,", ",T151,", ",U151,", ",V151,", ",W151,", ",SUBSTITUTE(X151,",","."),", ",SUBSTITUTE(Y151,",","."),"), ") -> (149, 0, 1, 600, 75, 550, 80, 550, 80, 360, 20, 16), | BC151: =IF(AR151=1,_xlfn.CONCAT("(",$AN151,", 'ON-GRID'),"),"") -> (149, 'ON-GRID'), | BD151: =IF(AS151=1,_xlfn.CONCAT("(",$AN151,", 'OFF-GRID'),"),"") | BE151: =IF(AT151=1,_xlfn.CONCAT("(",$AN151,", 'GRIDZERO'),"),"") | BF151: =IF(AU151=1,_xlfn.CONCAT("(",$AN151,", 'HYBRID'),"),"") -> (149, 'HYBRID'), | BG151: =IF(H151=1,_xlfn.CONCAT("(",$AN151,", '",BG$2,"'),"),"") -> (149, 'WIFI'), | BH151: =IF(I151=1,_xlfn.CONCAT("(",$AN151,", '",BH$2,"'),"),"") -> (149, 'RS485'), | BI151: =IF(J151=1,_xlfn.CONCAT("(",$AN151,", '",BI$2,"'),"),"") -> (149, 'DISPLAY'), | BJ151: =IF(K151=1,_xlfn.CONCAT("(",$AN151,", '",BJ$2,"'),"),"") -> (149, 'LED'), | BK151: =IF(L151=1,_xlfn.CONCAT("(",$AN151,", '",BK$2,"'),"),"") -> (149, 'USB'), | BL151: =IF(M151=1,_xlfn.CONCAT("(",$AN151,", '",BL$2,"'),"),"") | BM151: =IF(AA151=1,_xlfn.CONCAT("(",$AN151,", '",BM$2,"'),"),"") | BN151: =IF(AB151=1,_xlfn.CONCAT("(",$AN151,", '",BN$2,"'),"),"") | BO151: =IF(Z151=1,_xlfn.CONCAT("(",$AN151,", '",BO$2,"'),"),"") -> (149, 'SINGLE_PHASE'),
A152: SIW200H M060 W00 | B152: WEG | C152: 185 | D152: 434 | E152: 418 | F152: 22 | G152: CONVECÇÃO NATURAL | H152: 1 | I152: 1 | J152: 1 | K152: 1 | L152: 1 | M152: 6000 | N152: 6600 | O152: 1 | P152: 2 | Q152: 600 | R152: 75 | S152: 550 | T152: 80 | U152: 550 | V152: 80 | W152: 360 | X152: 20 | Y152: 16 | Z152: 1 | AA152: 0 | AB152: 0 | AC152: 220 | AE152: 30 | AF152: 27.3 | AG152: 100 | AH152: 60 | AI152: -25 | AJ152: IP65 | AK152: TRANSFORMERLESS | AL152: 1 | AN152: 150 | AO152: 0 | AP152: =O152*P152 -> 2 | AR152: 1 | AS152: 0 | AT152: 0 | AU152: 1 | AW152: 0 | AY152: =IF(B152="WEG","1",IF(B152="HUAWEI","2",IF(B152="FOX ESS","3",IF(B152="GOODWE","4",IF(B152="PHB","5",IF(B152="ASTRONERGY","6",IF(B152="BYD","7",IF(B152="HUASUN","8",IF(B152="JA SOLAR","9",IF(B152="JINKO","10",IF(B152="LONGI","11",IF(B152="RISEN","12",IF(B152="SUNOVA","13",IF(B152="TALESUN","14",IF(B152="TRINA SOLAR","15","NÃO CADASTRADO"))))))))))))))) -> 1 | BA152: =_xlfn.CONCAT("('",A152,"', ",AY152,", ",SUBSTITUTE(D152,",","."),", ",SUBSTITUTE(E152,",","."),", ",SUBSTITUTE(C152,",","."),", ",SUBSTITUTE(F152,",","."),", ",AH152,", ",AI152,", '",G152,"', '",AJ152,"', '",AK152,"', ",M152,", ",N152,", ",AC152,", ",SUBSTITUTE(AF152,",","."),", ",SUBSTITUTE(AE152,",","."),", ",AG152,", ",P152,", ",AP152,", ",AL152,"),") -> ('SIW200H M060 W00', 1, 434, 418, 185, 22, 60, -25, 'CONVECÇÃO NATURAL', 'IP65', 'TRANSFORMERLESS', 6000, 6600, 220, 27.3, 30, 100, 2, 2, 1), | BB152: =_xlfn.CONCAT("(",AN152,", 0, ",O152,", ",Q152,", ",R152,", ",S152,", ",T152,", ",U152,", ",V152,", ",W152,", ",SUBSTITUTE(X152,",","."),", ",SUBSTITUTE(Y152,",","."),"), ") -> (150, 0, 1, 600, 75, 550, 80, 550, 80, 360, 20, 16), | BC152: =IF(AR152=1,_xlfn.CONCAT("(",$AN152,", 'ON-GRID'),"),"") -> (150, 'ON-GRID'), | BD152: =IF(AS152=1,_xlfn.CONCAT("(",$AN152,", 'OFF-GRID'),"),"") | BE152: =IF(AT152=1,_xlfn.CONCAT("(",$AN152,", 'GRIDZERO'),"),"") | BF152: =IF(AU152=1,_xlfn.CONCAT("(",$AN152,", 'HYBRID'),"),"") -> (150, 'HYBRID'), | BG152: =IF(H152=1,_xlfn.CONCAT("(",$AN152,", '",BG$2,"'),"),"") -> (150, 'WIFI'), | BH152: =IF(I152=1,_xlfn.CONCAT("(",$AN152,", '",BH$2,"'),"),"") -> (150, 'RS485'), | BI152: =IF(J152=1,_xlfn.CONCAT("(",$AN152,", '",BI$2,"'),"),"") -> (150, 'DISPLAY'), | BJ152: =IF(K152=1,_xlfn.CONCAT("(",$AN152,", '",BJ$2,"'),"),"") -> (150, 'LED'), | BK152: =IF(L152=1,_xlfn.CONCAT("(",$AN152,", '",BK$2,"'),"),"") -> (150, 'USB'), | BL152: =IF(M152=1,_xlfn.CONCAT("(",$AN152,", '",BL$2,"'),"),"") | BM152: =IF(AA152=1,_xlfn.CONCAT("(",$AN152,", '",BM$2,"'),"),"") | BN152: =IF(AB152=1,_xlfn.CONCAT("(",$AN152,", '",BN$2,"'),"),"") | BO152: =IF(Z152=1,_xlfn.CONCAT("(",$AN152,", '",BO$2,"'),"),"") -> (150, 'SINGLE_PHASE'),
A153: SIW200H M070 W10 | B153: WEG | C153: 208 | D153: 450 | E153: 527 | F153: 29 | G153: CONVECÇÃO NATURAL | H153: 1 | I153: 1 | J153: 1 | K153: 1 | L153: 1 | M153: 7000 | N153: 7700 | O153: 1 | P153: 3 | Q153: 600 | R153: 75 | S153: 500 | T153: 80 | U153: 500 | V153: 80 | W153: 360 | X153: 20 | Y153: 16 | Z153: 1 | AA153: 0 | AB153: 0 | AC153: 220 | AE153: 33.5 | AF153: 30.4 | AG153: 100 | AH153: 60 | AI153: -25 | AJ153: IP65 | AK153: TRANSFORMERLESS | AL153: 1 | AN153: 151 | AO153: 0 | AP153: =O153*P153 -> 3 | AR153: 1 | AS153: 0 | AT153: 0 | AU153: 1 | AW153: 0 | AY153: =IF(B153="WEG","1",IF(B153="HUAWEI","2",IF(B153="FOX ESS","3",IF(B153="GOODWE","4",IF(B153="PHB","5",IF(B153="ASTRONERGY","6",IF(B153="BYD","7",IF(B153="HUASUN","8",IF(B153="JA SOLAR","9",IF(B153="JINKO","10",IF(B153="LONGI","11",IF(B153="RISEN","12",IF(B153="SUNOVA","13",IF(B153="TALESUN","14",IF(B153="TRINA SOLAR","15","NÃO CADASTRADO"))))))))))))))) -> 1 | BA153: =_xlfn.CONCAT("('",A153,"', ",AY153,", ",SUBSTITUTE(D153,",","."),", ",SUBSTITUTE(E153,",","."),", ",SUBSTITUTE(C153,",","."),", ",SUBSTITUTE(F153,",","."),", ",AH153,", ",AI153,", '",G153,"', '",AJ153,"', '",AK153,"', ",M153,", ",N153,", ",AC153,", ",SUBSTITUTE(AF153,",","."),", ",SUBSTITUTE(AE153,",","."),", ",AG153,", ",P153,", ",AP153,", ",AL153,"),") -> ('SIW200H M070 W10', 1, 450, 527, 208, 29, 60, -25, 'CONVECÇÃO NATURAL', 'IP65', 'TRANSFORMERLESS', 7000, 7700, 220, 30.4, 33.5, 100, 3, 3, 1), | BB153: =_xlfn.CONCAT("(",AN153,", 0, ",O153,", ",Q153,", ",R153,", ",S153,", ",T153,", ",U153,", ",V153,", ",W153,", ",SUBSTITUTE(X153,",","."),", ",SUBSTITUTE(Y153,",","."),"), ") -> (151, 0, 1, 600, 75, 500, 80, 500, 80, 360, 20, 16), | BC153: =IF(AR153=1,_xlfn.CONCAT("(",$AN153,", 'ON-GRID'),"),"") -> (151, 'ON-GRID'), | BD153: =IF(AS153=1,_xlfn.CONCAT("(",$AN153,", 'OFF-GRID'),"),"") | BE153: =IF(AT153=1,_xlfn.CONCAT("(",$AN153,", 'GRIDZERO'),"),"") | BF153: =IF(AU153=1,_xlfn.CONCAT("(",$AN153,", 'HYBRID'),"),"") -> (151, 'HYBRID'), | BG153: =IF(H153=1,_xlfn.CONCAT("(",$AN153,", '",BG$2,"'),"),"") -> (151, 'WIFI'), | BH153: =IF(I153=1,_xlfn.CONCAT("(",$AN153,", '",BH$2,"'),"),"") -> (151, 'RS485'), | BI153: =IF(J153=1,_xlfn.CONCAT("(",$AN153,", '",BI$2,"'),"),"") -> (151, 'DISPLAY'), | BJ153: =IF(K153=1,_xlfn.CONCAT("(",$AN153,", '",BJ$2,"'),"),"") -> (151, 'LED'), | BK153: =IF(L153=1,_xlfn.CONCAT("(",$AN153,", '",BK$2,"'),"),"") -> (151, 'USB'), | BL153: =IF(M153=1,_xlfn.CONCAT("(",$AN153,", '",BL$2,"'),"),"") | BM153: =IF(AA153=1,_xlfn.CONCAT("(",$AN153,", '",BM$2,"'),"),"") | BN153: =IF(AB153=1,_xlfn.CONCAT("(",$AN153,", '",BN$2,"'),"),"") | BO153: =IF(Z153=1,_xlfn.CONCAT("(",$AN153,", '",BO$2,"'),"),"") -> (151, 'SINGLE_PHASE'),
A154: SIW200H M075 W10 | B154: WEG | C154: 208 | D154: 450 | E154: 527 | F154: 29 | G154: CONVECÇÃO NATURAL | H154: 1 | I154: 1 | J154: 1 | K154: 1 | L154: 1 | M154: 7500 | N154: 7500 | O154: 1 | P154: 3 | Q154: 600 | R154: 75 | S154: 500 | T154: 80 | U154: 500 | V154: 80 | W154: 360 | X154: 20 | Y154: 16 | Z154: 1 | AA154: 0 | AB154: 0 | AC154: 220 | AE154: 34.1 | AF154: 34.1 | AG154: 100 | AH154: 60 | AI154: -25 | AJ154: IP65 | AK154: TRANSFORMERLESS | AL154: 1 | AN154: 152 | AO154: 0 | AP154: =O154*P154 -> 3 | AR154: 1 | AS154: 0 | AT154: 0 | AU154: 1 | AW154: 0 | AY154: =IF(B154="WEG","1",IF(B154="HUAWEI","2",IF(B154="FOX ESS","3",IF(B154="GOODWE","4",IF(B154="PHB","5",IF(B154="ASTRONERGY","6",IF(B154="BYD","7",IF(B154="HUASUN","8",IF(B154="JA SOLAR","9",IF(B154="JINKO","10",IF(B154="LONGI","11",IF(B154="RISEN","12",IF(B154="SUNOVA","13",IF(B154="TALESUN","14",IF(B154="TRINA SOLAR","15","NÃO CADASTRADO"))))))))))))))) -> 1 | BA154: =_xlfn.CONCAT("('",A154,"', ",AY154,", ",SUBSTITUTE(D154,",","."),", ",SUBSTITUTE(E154,",","."),", ",SUBSTITUTE(C154,",","."),", ",SUBSTITUTE(F154,",","."),", ",AH154,", ",AI154,", '",G154,"', '",AJ154,"', '",AK154,"', ",M154,", ",N154,", ",AC154,", ",SUBSTITUTE(AF154,",","."),", ",SUBSTITUTE(AE154,",","."),", ",AG154,", ",P154,", ",AP154,", ",AL154,"),") -> ('SIW200H M075 W10', 1, 450, 527, 208, 29, 60, -25, 'CONVECÇÃO NATURAL', 'IP65', 'TRANSFORMERLESS', 7500, 7500, 220, 34.1, 34.1, 100, 3, 3, 1), | BB154: =_xlfn.CONCAT("(",AN154,", 0, ",O154,", ",Q154,", ",R154,", ",S154,", ",T154,", ",U154,", ",V154,", ",W154,", ",SUBSTITUTE(X154,",","."),", ",SUBSTITUTE(Y154,",","."),"), ") -> (152, 0, 1, 600, 75, 500, 80, 500, 80, 360, 20, 16), | BC154: =IF(AR154=1,_xlfn.CONCAT("(",$AN154,", 'ON-GRID'),"),"") -> (152, 'ON-GRID'), | BD154: =IF(AS154=1,_xlfn.CONCAT("(",$AN154,", 'OFF-GRID'),"),"") | BE154: =IF(AT154=1,_xlfn.CONCAT("(",$AN154,", 'GRIDZERO'),"),"") | BF154: =IF(AU154=1,_xlfn.CONCAT("(",$AN154,", 'HYBRID'),"),"") -> (152, 'HYBRID'), | BG154: =IF(H154=1,_xlfn.CONCAT("(",$AN154,", '",BG$2,"'),"),"") -> (152, 'WIFI'), | BH154: =IF(I154=1,_xlfn.CONCAT("(",$AN154,", '",BH$2,"'),"),"") -> (152, 'RS485'), | BI154: =IF(J154=1,_xlfn.CONCAT("(",$AN154,", '",BI$2,"'),"),"") -> (152, 'DISPLAY'), | BJ154: =IF(K154=1,_xlfn.CONCAT("(",$AN154,", '",BJ$2,"'),"),"") -> (152, 'LED'), | BK154: =IF(L154=1,_xlfn.CONCAT("(",$AN154,", '",BK$2,"'),"),"") -> (152, 'USB'), | BL154: =IF(M154=1,_xlfn.CONCAT("(",$AN154,", '",BL$2,"'),"),"") | BM154: =IF(AA154=1,_xlfn.CONCAT("(",$AN154,", '",BM$2,"'),"),"") | BN154: =IF(AB154=1,_xlfn.CONCAT("(",$AN154,", '",BN$2,"'),"),"") | BO154: =IF(Z154=1,_xlfn.CONCAT("(",$AN154,", '",BO$2,"'),"),"") -> (152, 'SINGLE_PHASE'),
A155: SIW200H M080 W10 | B155: WEG | C155: 208 | D155: 450 | E155: 527 | F155: 29 | G155: CONVECÇÃO NATURAL | H155: 1 | I155: 1 | J155: 1 | K155: 1 | L155: 1 | M155: 8000 | N155: 8800 | O155: 1 | P155: 3 | Q155: 600 | R155: 75 | S155: 500 | T155: 80 | U155: 500 | V155: 80 | W155: 360 | X155: 20 | Y155: 16 | Z155: 1 | AA155: 0 | AB155: 0 | AC155: 220 | AE155: 38.3 | AF155: 34.8 | AG155: 100 | AH155: 60 | AI155: -25 | AJ155: IP65 | AK155: TRANSFORMERLESS | AL155: 1 | AN155: 153 | AO155: 0 | AP155: =O155*P155 -> 3 | AR155: 1 | AS155: 0 | AT155: 0 | AU155: 1 | AW155: 0 | AY155: =IF(B155="WEG","1",IF(B155="HUAWEI","2",IF(B155="FOX ESS","3",IF(B155="GOODWE","4",IF(B155="PHB","5",IF(B155="ASTRONERGY","6",IF(B155="BYD","7",IF(B155="HUASUN","8",IF(B155="JA SOLAR","9",IF(B155="JINKO","10",IF(B155="LONGI","11",IF(B155="RISEN","12",IF(B155="SUNOVA","13",IF(B155="TALESUN","14",IF(B155="TRINA SOLAR","15","NÃO CADASTRADO"))))))))))))))) -> 1 | BA155: =_xlfn.CONCAT("('",A155,"', ",AY155,", ",SUBSTITUTE(D155,",","."),", ",SUBSTITUTE(E155,",","."),", ",SUBSTITUTE(C155,",","."),", ",SUBSTITUTE(F155,",","."),", ",AH155,", ",AI155,", '",G155,"', '",AJ155,"', '",AK155,"', ",M155,", ",N155,", ",AC155,", ",SUBSTITUTE(AF155,",","."),", ",SUBSTITUTE(AE155,",","."),", ",AG155,", ",P155,", ",AP155,", ",AL155,"),") -> ('SIW200H M080 W10', 1, 450, 527, 208, 29, 60, -25, 'CONVECÇÃO NATURAL', 'IP65', 'TRANSFORMERLESS', 8000, 8800, 220, 34.8, 38.3, 100, 3, 3, 1), | BB155: =_xlfn.CONCAT("(",AN155,", 0, ",O155,", ",Q155,", ",R155,", ",S155,", ",T155,", ",U155,", ",V155,", ",W155,", ",SUBSTITUTE(X155,",","."),", ",SUBSTITUTE(Y155,",","."),"), ") -> (153, 0, 1, 600, 75, 500, 80, 500, 80, 360, 20, 16), | BC155: =IF(AR155=1,_xlfn.CONCAT("(",$AN155,", 'ON-GRID'),"),"") -> (153, 'ON-GRID'), | BD155: =IF(AS155=1,_xlfn.CONCAT("(",$AN155,", 'OFF-GRID'),"),"") | BE155: =IF(AT155=1,_xlfn.CONCAT("(",$AN155,", 'GRIDZERO'),"),"") | BF155: =IF(AU155=1,_xlfn.CONCAT("(",$AN155,", 'HYBRID'),"),"") -> (153, 'HYBRID'), | BG155: =IF(H155=1,_xlfn.CONCAT("(",$AN155,", '",BG$2,"'),"),"") -> (153, 'WIFI'), | BH155: =IF(I155=1,_xlfn.CONCAT("(",$AN155,", '",BH$2,"'),"),"") -> (153, 'RS485'), | BI155: =IF(J155=1,_xlfn.CONCAT("(",$AN155,", '",BI$2,"'),"),"") -> (153, 'DISPLAY'), | BJ155: =IF(K155=1,_xlfn.CONCAT("(",$AN155,", '",BJ$2,"'),"),"") -> (153, 'LED'), | BK155: =IF(L155=1,_xlfn.CONCAT("(",$AN155,", '",BK$2,"'),"),"") -> (153, 'USB'), | BL155: =IF(M155=1,_xlfn.CONCAT("(",$AN155,", '",BL$2,"'),"),"") | BM155: =IF(AA155=1,_xlfn.CONCAT("(",$AN155,", '",BM$2,"'),"),"") | BN155: =IF(AB155=1,_xlfn.CONCAT("(",$AN155,", '",BN$2,"'),"),"") | BO155: =IF(Z155=1,_xlfn.CONCAT("(",$AN155,", '",BO$2,"'),"),"") -> (153, 'SINGLE_PHASE'),
A156: SIW200H M090 W10 | B156: WEG | C156: 208 | D156: 450 | E156: 527 | F156: 29 | G156: CONVECÇÃO NATURAL | H156: 1 | I156: 1 | J156: 1 | K156: 1 | L156: 1 | M156: 9000 | N156: 9900 | O156: 1 | P156: 4 | Q156: 600 | R156: 75 | S156: 500 | T156: 80 | U156: 500 | V156: 80 | W156: 360 | X156: 20 | Y156: 16 | Z156: 1 | AA156: 0 | AB156: 0 | AC156: 220 | AE156: 43 | AF156: 39.1 | AG156: 100 | AH156: 60 | AI156: -25 | AJ156: IP65 | AK156: TRANSFORMERLESS | AL156: 1 | AN156: 154 | AO156: 0 | AP156: =O156*P156 -> 4 | AR156: 1 | AS156: 0 | AT156: 0 | AU156: 1 | AW156: 0 | AY156: =IF(B156="WEG","1",IF(B156="HUAWEI","2",IF(B156="FOX ESS","3",IF(B156="GOODWE","4",IF(B156="PHB","5",IF(B156="ASTRONERGY","6",IF(B156="BYD","7",IF(B156="HUASUN","8",IF(B156="JA SOLAR","9",IF(B156="JINKO","10",IF(B156="LONGI","11",IF(B156="RISEN","12",IF(B156="SUNOVA","13",IF(B156="TALESUN","14",IF(B156="TRINA SOLAR","15","NÃO CADASTRADO"))))))))))))))) -> 1 | BA156: =_xlfn.CONCAT("('",A156,"', ",AY156,", ",SUBSTITUTE(D156,",","."),", ",SUBSTITUTE(E156,",","."),", ",SUBSTITUTE(C156,",","."),", ",SUBSTITUTE(F156,",","."),", ",AH156,", ",AI156,", '",G156,"', '",AJ156,"', '",AK156,"', ",M156,", ",N156,", ",AC156,", ",SUBSTITUTE(AF156,",","."),", ",SUBSTITUTE(AE156,",","."),", ",AG156,", ",P156,", ",AP156,", ",AL156,"),") -> ('SIW200H M090 W10', 1, 450, 527, 208, 29, 60, -25, 'CONVECÇÃO NATURAL', 'IP65', 'TRANSFORMERLESS', 9000, 9900, 220, 39.1, 43, 100, 4, 4, 1), | BB156: =_xlfn.CONCAT("(",AN156,", 0, ",O156,", ",Q156,", ",R156,", ",S156,", ",T156,", ",U156,", ",V156,", ",W156,", ",SUBSTITUTE(X156,",","."),", ",SUBSTITUTE(Y156,",","."),"), ") -> (154, 0, 1, 600, 75, 500, 80, 500, 80, 360, 20, 16), | BC156: =IF(AR156=1,_xlfn.CONCAT("(",$AN156,", 'ON-GRID'),"),"") -> (154, 'ON-GRID'), | BD156: =IF(AS156=1,_xlfn.CONCAT("(",$AN156,", 'OFF-GRID'),"),"") | BE156: =IF(AT156=1,_xlfn.CONCAT("(",$AN156,", 'GRIDZERO'),"),"") | BF156: =IF(AU156=1,_xlfn.CONCAT("(",$AN156,", 'HYBRID'),"),"") -> (154, 'HYBRID'), | BG156: =IF(H156=1,_xlfn.CONCAT("(",$AN156,", '",BG$2,"'),"),"") -> (154, 'WIFI'), | BH156: =IF(I156=1,_xlfn.CONCAT("(",$AN156,", '",BH$2,"'),"),"") -> (154, 'RS485'), | BI156: =IF(J156=1,_xlfn.CONCAT("(",$AN156,", '",BI$2,"'),"),"") -> (154, 'DISPLAY'), | BJ156: =IF(K156=1,_xlfn.CONCAT("(",$AN156,", '",BJ$2,"'),"),"") -> (154, 'LED'), | BK156: =IF(L156=1,_xlfn.CONCAT("(",$AN156,", '",BK$2,"'),"),"") -> (154, 'USB'), | BL156: =IF(M156=1,_xlfn.CONCAT("(",$AN156,", '",BL$2,"'),"),"") | BM156: =IF(AA156=1,_xlfn.CONCAT("(",$AN156,", '",BM$2,"'),"),"") | BN156: =IF(AB156=1,_xlfn.CONCAT("(",$AN156,", '",BN$2,"'),"),"") | BO156: =IF(Z156=1,_xlfn.CONCAT("(",$AN156,", '",BO$2,"'),"),"") -> (154, 'SINGLE_PHASE'),
A157: SIW200H M100 W10 | B157: WEG | C157: 208 | D157: 450 | E157: 527 | F157: 29 | G157: CONVECÇÃO NATURAL | H157: 1 | I157: 1 | J157: 1 | K157: 1 | L157: 1 | M157: 10000 | N157: 10500 | O157: 1 | P157: 4 | Q157: 600 | R157: 75 | S157: 500 | T157: 80 | U157: 500 | V157: 80 | W157: 360 | X157: 20 | Y157: 16 | Z157: 1 | AA157: 0 | AB157: 0 | AC157: 220 | AE157: 45.7 | AF157: 43.5 | AG157: 100 | AH157: 60 | AI157: -25 | AJ157: IP65 | AK157: TRANSFORMERLESS | AL157: 1 | AN157: 155 | AO157: 0 | AP157: =O157*P157 -> 4 | AR157: 1 | AS157: 0 | AT157: 0 | AU157: 1 | AW157: 0 | AY157: =IF(B157="WEG","1",IF(B157="HUAWEI","2",IF(B157="FOX ESS","3",IF(B157="GOODWE","4",IF(B157="PHB","5",IF(B157="ASTRONERGY","6",IF(B157="BYD","7",IF(B157="HUASUN","8",IF(B157="JA SOLAR","9",IF(B157="JINKO","10",IF(B157="LONGI","11",IF(B157="RISEN","12",IF(B157="SUNOVA","13",IF(B157="TALESUN","14",IF(B157="TRINA SOLAR","15","NÃO CADASTRADO"))))))))))))))) -> 1 | BA157: =_xlfn.CONCAT("('",A157,"', ",AY157,", ",SUBSTITUTE(D157,",","."),", ",SUBSTITUTE(E157,",","."),", ",SUBSTITUTE(C157,",","."),", ",SUBSTITUTE(F157,",","."),", ",AH157,", ",AI157,", '",G157,"', '",AJ157,"', '",AK157,"', ",M157,", ",N157,", ",AC157,", ",SUBSTITUTE(AF157,",","."),", ",SUBSTITUTE(AE157,",","."),", ",AG157,", ",P157,", ",AP157,", ",AL157,"),") -> ('SIW200H M100 W10', 1, 450, 527, 208, 29, 60, -25, 'CONVECÇÃO NATURAL', 'IP65', 'TRANSFORMERLESS', 10000, 10500, 220, 43.5, 45.7, 100, 4, 4, 1), | BB157: =_xlfn.CONCAT("(",AN157,", 0, ",O157,", ",Q157,", ",R157,", ",S157,", ",T157,", ",U157,", ",V157,", ",W157,", ",SUBSTITUTE(X157,",","."),", ",SUBSTITUTE(Y157,",","."),"), ") -> (155, 0, 1, 600, 75, 500, 80, 500, 80, 360, 20, 16), | BC157: =IF(AR157=1,_xlfn.CONCAT("(",$AN157,", 'ON-GRID'),"),"") -> (155, 'ON-GRID'), | BD157: =IF(AS157=1,_xlfn.CONCAT("(",$AN157,", 'OFF-GRID'),"),"") | BE157: =IF(AT157=1,_xlfn.CONCAT("(",$AN157,", 'GRIDZERO'),"),"") | BF157: =IF(AU157=1,_xlfn.CONCAT("(",$AN157,", 'HYBRID'),"),"") -> (155, 'HYBRID'), | BG157: =IF(H157=1,_xlfn.CONCAT("(",$AN157,", '",BG$2,"'),"),"") -> (155, 'WIFI'), | BH157: =IF(I157=1,_xlfn.CONCAT("(",$AN157,", '",BH$2,"'),"),"") -> (155, 'RS485'), | BI157: =IF(J157=1,_xlfn.CONCAT("(",$AN157,", '",BI$2,"'),"),"") -> (155, 'DISPLAY'), | BJ157: =IF(K157=1,_xlfn.CONCAT("(",$AN157,", '",BJ$2,"'),"),"") -> (155, 'LED'), | BK157: =IF(L157=1,_xlfn.CONCAT("(",$AN157,", '",BK$2,"'),"),"") -> (155, 'USB'), | BL157: =IF(M157=1,_xlfn.CONCAT("(",$AN157,", '",BL$2,"'),"),"") | BM157: =IF(AA157=1,_xlfn.CONCAT("(",$AN157,", '",BM$2,"'),"),"") | BN157: =IF(AB157=1,_xlfn.CONCAT("(",$AN157,", '",BN$2,"'),"),"") | BO157: =IF(Z157=1,_xlfn.CONCAT("(",$AN157,", '",BO$2,"'),"),"") -> (155, 'SINGLE_PHASE'),
A158: SIW200H M105 W10 | B158: WEG | C158: 208 | D158: 450 | E158: 527 | F158: 29 | G158: CONVECÇÃO NATURAL | H158: 1 | I158: 1 | J158: 1 | K158: 1 | L158: 1 | M158: 10500 | N158: 10500 | O158: 1 | P158: 4 | Q158: 600 | R158: 75 | S158: 500 | T158: 80 | U158: 500 | V158: 80 | W158: 360 | X158: 20 | Y158: 16 | Z158: 1 | AA158: 0 | AB158: 0 | AC158: 220 | AE158: 47.7 | AF158: 45.7 | AG158: 100 | AH158: 60 | AI158: -25 | AJ158: IP65 | AK158: TRANSFORMERLESS | AL158: 1 | AN158: 156 | AO158: 0 | AP158: =O158*P158 -> 4 | AR158: 1 | AS158: 0 | AT158: 0 | AU158: 1 | AW158: 0 | AY158: =IF(B158="WEG","1",IF(B158="HUAWEI","2",IF(B158="FOX ESS","3",IF(B158="GOODWE","4",IF(B158="PHB","5",IF(B158="ASTRONERGY","6",IF(B158="BYD","7",IF(B158="HUASUN","8",IF(B158="JA SOLAR","9",IF(B158="JINKO","10",IF(B158="LONGI","11",IF(B158="RISEN","12",IF(B158="SUNOVA","13",IF(B158="TALESUN","14",IF(B158="TRINA SOLAR","15","NÃO CADASTRADO"))))))))))))))) -> 1 | BA158: =_xlfn.CONCAT("('",A158,"', ",AY158,", ",SUBSTITUTE(D158,",","."),", ",SUBSTITUTE(E158,",","."),", ",SUBSTITUTE(C158,",","."),", ",SUBSTITUTE(F158,",","."),", ",AH158,", ",AI158,", '",G158,"', '",AJ158,"', '",AK158,"', ",M158,", ",N158,", ",AC158,", ",SUBSTITUTE(AF158,",","."),", ",SUBSTITUTE(AE158,",","."),", ",AG158,", ",P158,", ",AP158,", ",AL158,"),") -> ('SIW200H M105 W10', 1, 450, 527, 208, 29, 60, -25, 'CONVECÇÃO NATURAL', 'IP65', 'TRANSFORMERLESS', 10500, 10500, 220, 45.7, 47.7, 100, 4, 4, 1), | BB158: =_xlfn.CONCAT("(",AN158,", 0, ",O158,", ",Q158,", ",R158,", ",S158,", ",T158,", ",U158,", ",V158,", ",W158,", ",SUBSTITUTE(X158,",","."),", ",SUBSTITUTE(Y158,",","."),"), ") -> (156, 0, 1, 600, 75, 500, 80, 500, 80, 360, 20, 16), | BC158: =IF(AR158=1,_xlfn.CONCAT("(",$AN158,", 'ON-GRID'),"),"") -> (156, 'ON-GRID'), | BD158: =IF(AS158=1,_xlfn.CONCAT("(",$AN158,", 'OFF-GRID'),"),"") | BE158: =IF(AT158=1,_xlfn.CONCAT("(",$AN158,", 'GRIDZERO'),"),"") | BF158: =IF(AU158=1,_xlfn.CONCAT("(",$AN158,", 'HYBRID'),"),"") -> (156, 'HYBRID'), | BG158: =IF(H158=1,_xlfn.CONCAT("(",$AN158,", '",BG$2,"'),"),"") -> (156, 'WIFI'), | BH158: =IF(I158=1,_xlfn.CONCAT("(",$AN158,", '",BH$2,"'),"),"") -> (156, 'RS485'), | BI158: =IF(J158=1,_xlfn.CONCAT("(",$AN158,", '",BI$2,"'),"),"") -> (156, 'DISPLAY'), | BJ158: =IF(K158=1,_xlfn.CONCAT("(",$AN158,", '",BJ$2,"'),"),"") -> (156, 'LED'), | BK158: =IF(L158=1,_xlfn.CONCAT("(",$AN158,", '",BK$2,"'),"),"") -> (156, 'USB'), | BL158: =IF(M158=1,_xlfn.CONCAT("(",$AN158,", '",BL$2,"'),"),"") | BM158: =IF(AA158=1,_xlfn.CONCAT("(",$AN158,", '",BM$2,"'),"),"") | BN158: =IF(AB158=1,_xlfn.CONCAT("(",$AN158,", '",BN$2,"'),"),"") | BO158: =IF(Z158=1,_xlfn.CONCAT("(",$AN158,", '",BO$2,"'),"),"") -> (156, 'SINGLE_PHASE'),
A159: SIW300 M030 W00 | B159: WEG | C159: 140 | D159: 365 | E159: 365 | F159: 12.3 | G159: CONVECÇÃO NATURAL | H159: 1 | I159: 1 | J159: 0 | K159: 1 | L159: 0 | M159: 3000 | N159: 3300 | O159: 1 | P159: 2 | Q159: 600 | R159: 100 | S159: 560 | T159: 90 | U159: 560 | V159: 90 | W159: 360 | X159: 18 | Y159: 12.5 | Z159: 1 | AA159: 0 | AB159: 0 | AC159: 220 | AE159: 15 | AF159: 15 | AG159: 50 | AH159: 60 | AI159: -25 | AJ159: IP65 | AK159: TRANSFORMERLESS | AL159: 1 | AN159: 157 | AO159: 0 | AP159: =O159*P159 -> 2 | AR159: 1 | AS159: 0 | AT159: 0 | AU159: 1 | AW159: 1 | AY159: =IF(B159="WEG","1",IF(B159="HUAWEI","2",IF(B159="FOX ESS","3",IF(B159="GOODWE","4",IF(B159="PHB","5",IF(B159="ASTRONERGY","6",IF(B159="BYD","7",IF(B159="HUASUN","8",IF(B159="JA SOLAR","9",IF(B159="JINKO","10",IF(B159="LONGI","11",IF(B159="RISEN","12",IF(B159="SUNOVA","13",IF(B159="TALESUN","14",IF(B159="TRINA SOLAR","15","NÃO CADASTRADO"))))))))))))))) -> 1 | BA159: =_xlfn.CONCAT("('",A159,"', ",AY159,", ",SUBSTITUTE(D159,",","."),", ",SUBSTITUTE(E159,",","."),", ",SUBSTITUTE(C159,",","."),", ",SUBSTITUTE(F159,",","."),", ",AH159,", ",AI159,", '",G159,"', '",AJ159,"', '",AK159,"', ",M159,", ",N159,", ",AC159,", ",SUBSTITUTE(AF159,",","."),", ",SUBSTITUTE(AE159,",","."),", ",AG159,", ",P159,", ",AP159,", ",AL159,"),") -> ('SIW300 M030 W00', 1, 365, 365, 140, 12.3, 60, -25, 'CONVECÇÃO NATURAL', 'IP65', 'TRANSFORMERLESS', 3000, 3300, 220, 15, 15, 50, 2, 2, 1), | BB159: =_xlfn.CONCAT("(",AN159,", 0, ",O159,", ",Q159,", ",R159,", ",S159,", ",T159,", ",U159,", ",V159,", ",W159,", ",SUBSTITUTE(X159,",","."),", ",SUBSTITUTE(Y159,",","."),"), ") -> (157, 0, 1, 600, 100, 560, 90, 560, 90, 360, 18, 12.5), | BC159: =IF(AR159=1,_xlfn.CONCAT("(",$AN159,", 'ON-GRID'),"),"") -> (157, 'ON-GRID'), | BD159: =IF(AS159=1,_xlfn.CONCAT("(",$AN159,", 'OFF-GRID'),"),"") | BE159: =IF(AT159=1,_xlfn.CONCAT("(",$AN159,", 'GRIDZERO'),"),"") | BF159: =IF(AU159=1,_xlfn.CONCAT("(",$AN159,", 'HYBRID'),"),"") -> (157, 'HYBRID'), | BG159: =IF(H159=1,_xlfn.CONCAT("(",$AN159,", '",BG$2,"'),"),"") -> (157, 'WIFI'), | BH159: =IF(I159=1,_xlfn.CONCAT("(",$AN159,", '",BH$2,"'),"),"") -> (157, 'RS485'), | BI159: =IF(J159=1,_xlfn.CONCAT("(",$AN159,", '",BI$2,"'),"),"") | BJ159: =IF(K159=1,_xlfn.CONCAT("(",$AN159,", '",BJ$2,"'),"),"") -> (157, 'LED'), | BK159: =IF(L159=1,_xlfn.CONCAT("(",$AN159,", '",BK$2,"'),"),"") | BL159: =IF(M159=1,_xlfn.CONCAT("(",$AN159,", '",BL$2,"'),"),"") | BM159: =IF(AA159=1,_xlfn.CONCAT("(",$AN159,", '",BM$2,"'),"),"") | BN159: =IF(AB159=1,_xlfn.CONCAT("(",$AN159,", '",BN$2,"'),"),"") | BO159: =IF(Z159=1,_xlfn.CONCAT("(",$AN159,", '",BO$2,"'),"),"") -> (157, 'SINGLE_PHASE'),
A160: SIW300 M050 W00 | B160: WEG | C160: 140 | D160: 365 | E160: 365 | F160: 12.3 | G160: CONVECÇÃO NATURAL | H160: 1 | I160: 1 | J160: 0 | K160: 1 | L160: 0 | M160: 5000 | N160: 5500 | O160: 1 | P160: 2 | Q160: 600 | R160: 100 | S160: 560 | T160: 90 | U160: 560 | V160: 90 | W160: 360 | X160: 18 | Y160: 12.5 | Z160: 1 | AA160: 0 | AB160: 0 | AC160: 220 | AE160: 25 | AF160: 25 | AG160: 50 | AH160: 60 | AI160: -25 | AJ160: IP65 | AK160: TRANSFORMERLESS | AL160: 1 | AN160: 158 | AO160: 0 | AP160: =O160*P160 -> 2 | AR160: 1 | AS160: 0 | AT160: 0 | AU160: 1 | AW160: 1 | AY160: =IF(B160="WEG","1",IF(B160="HUAWEI","2",IF(B160="FOX ESS","3",IF(B160="GOODWE","4",IF(B160="PHB","5",IF(B160="ASTRONERGY","6",IF(B160="BYD","7",IF(B160="HUASUN","8",IF(B160="JA SOLAR","9",IF(B160="JINKO","10",IF(B160="LONGI","11",IF(B160="RISEN","12",IF(B160="SUNOVA","13",IF(B160="TALESUN","14",IF(B160="TRINA SOLAR","15","NÃO CADASTRADO"))))))))))))))) -> 1 | BA160: =_xlfn.CONCAT("('",A160,"', ",AY160,", ",SUBSTITUTE(D160,",","."),", ",SUBSTITUTE(E160,",","."),", ",SUBSTITUTE(C160,",","."),", ",SUBSTITUTE(F160,",","."),", ",AH160,", ",AI160,", '",G160,"', '",AJ160,"', '",AK160,"', ",M160,", ",N160,", ",AC160,", ",SUBSTITUTE(AF160,",","."),", ",SUBSTITUTE(AE160,",","."),", ",AG160,", ",P160,", ",AP160,", ",AL160,"),") -> ('SIW300 M050 W00', 1, 365, 365, 140, 12.3, 60, -25, 'CONVECÇÃO NATURAL', 'IP65', 'TRANSFORMERLESS', 5000, 5500, 220, 25, 25, 50, 2, 2, 1), | BB160: =_xlfn.CONCAT("(",AN160,", 0, ",O160,", ",Q160,", ",R160,", ",S160,", ",T160,", ",U160,", ",V160,", ",W160,", ",SUBSTITUTE(X160,",","."),", ",SUBSTITUTE(Y160,",","."),"), ") -> (158, 0, 1, 600, 100, 560, 90, 560, 90, 360, 18, 12.5), | BC160: =IF(AR160=1,_xlfn.CONCAT("(",$AN160,", 'ON-GRID'),"),"") -> (158, 'ON-GRID'), | BD160: =IF(AS160=1,_xlfn.CONCAT("(",$AN160,", 'OFF-GRID'),"),"") | BE160: =IF(AT160=1,_xlfn.CONCAT("(",$AN160,", 'GRIDZERO'),"),"") | BF160: =IF(AU160=1,_xlfn.CONCAT("(",$AN160,", 'HYBRID'),"),"") -> (158, 'HYBRID'), | BG160: =IF(H160=1,_xlfn.CONCAT("(",$AN160,", '",BG$2,"'),"),"") -> (158, 'WIFI'), | BH160: =IF(I160=1,_xlfn.CONCAT("(",$AN160,", '",BH$2,"'),"),"") -> (158, 'RS485'), | BI160: =IF(J160=1,_xlfn.CONCAT("(",$AN160,", '",BI$2,"'),"),"") | BJ160: =IF(K160=1,_xlfn.CONCAT("(",$AN160,", '",BJ$2,"'),"),"") -> (158, 'LED'), | BK160: =IF(L160=1,_xlfn.CONCAT("(",$AN160,", '",BK$2,"'),"),"") | BL160: =IF(M160=1,_xlfn.CONCAT("(",$AN160,", '",BL$2,"'),"),"") | BM160: =IF(AA160=1,_xlfn.CONCAT("(",$AN160,", '",BM$2,"'),"),"") | BN160: =IF(AB160=1,_xlfn.CONCAT("(",$AN160,", '",BN$2,"'),"),"") | BO160: =IF(Z160=1,_xlfn.CONCAT("(",$AN160,", '",BO$2,"'),"),"") -> (158, 'SINGLE_PHASE'),
A161: SIW300 M060 W00 | B161: WEG | C161: 140 | D161: 365 | E161: 365 | F161: 12.3 | G161: CONVECÇÃO NATURAL | H161: 1 | I161: 1 | J161: 0 | K161: 1 | L161: 0 | M161: 6000 | N161: 6000 | O161: 1 | P161: 2 | Q161: 600 | R161: 100 | S161: 560 | T161: 90 | U161: 560 | V161: 90 | W161: 360 | X161: 18 | Y161: 12.5 | Z161: 1 | AA161: 0 | AB161: 0 | AC161: 220 | AE161: 27 | AF161: 27 | AG161: 50 | AH161: 60 | AI161: -25 | AJ161: IP65 | AK161: TRANSFORMERLESS | AL161: 1 | AN161: 159 | AO161: 0 | AP161: =O161*P161 -> 2 | AR161: 1 | AS161: 0 | AT161: 0 | AU161: 1 | AW161: 1 | AY161: =IF(B161="WEG","1",IF(B161="HUAWEI","2",IF(B161="FOX ESS","3",IF(B161="GOODWE","4",IF(B161="PHB","5",IF(B161="ASTRONERGY","6",IF(B161="BYD","7",IF(B161="HUASUN","8",IF(B161="JA SOLAR","9",IF(B161="JINKO","10",IF(B161="LONGI","11",IF(B161="RISEN","12",IF(B161="SUNOVA","13",IF(B161="TALESUN","14",IF(B161="TRINA SOLAR","15","NÃO CADASTRADO"))))))))))))))) -> 1 | BA161: =_xlfn.CONCAT("('",A161,"', ",AY161,", ",SUBSTITUTE(D161,",","."),", ",SUBSTITUTE(E161,",","."),", ",SUBSTITUTE(C161,",","."),", ",SUBSTITUTE(F161,",","."),", ",AH161,", ",AI161,", '",G161,"', '",AJ161,"', '",AK161,"', ",M161,", ",N161,", ",AC161,", ",SUBSTITUTE(AF161,",","."),", ",SUBSTITUTE(AE161,",","."),", ",AG161,", ",P161,", ",AP161,", ",AL161,"),") -> ('SIW300 M060 W00', 1, 365, 365, 140, 12.3, 60, -25, 'CONVECÇÃO NATURAL', 'IP65', 'TRANSFORMERLESS', 6000, 6000, 220, 27, 27, 50, 2, 2, 1), | BB161: =_xlfn.CONCAT("(",AN161,", 0, ",O161,", ",Q161,", ",R161,", ",S161,", ",T161,", ",U161,", ",V161,", ",W161,", ",SUBSTITUTE(X161,",","."),", ",SUBSTITUTE(Y161,",","."),"), ") -> (159, 0, 1, 600, 100, 560, 90, 560, 90, 360, 18, 12.5), | BC161: =IF(AR161=1,_xlfn.CONCAT("(",$AN161,", 'ON-GRID'),"),"") -> (159, 'ON-GRID'), | BD161: =IF(AS161=1,_xlfn.CONCAT("(",$AN161,", 'OFF-GRID'),"),"") | BE161: =IF(AT161=1,_xlfn.CONCAT("(",$AN161,", 'GRIDZERO'),"),"") | BF161: =IF(AU161=1,_xlfn.CONCAT("(",$AN161,", 'HYBRID'),"),"") -> (159, 'HYBRID'), | BG161: =IF(H161=1,_xlfn.CONCAT("(",$AN161,", '",BG$2,"'),"),"") -> (159, 'WIFI'), | BH161: =IF(I161=1,_xlfn.CONCAT("(",$AN161,", '",BH$2,"'),"),"") -> (159, 'RS485'), | BI161: =IF(J161=1,_xlfn.CONCAT("(",$AN161,", '",BI$2,"'),"),"") | BJ161: =IF(K161=1,_xlfn.CONCAT("(",$AN161,", '",BJ$2,"'),"),"") -> (159, 'LED'), | BK161: =IF(L161=1,_xlfn.CONCAT("(",$AN161,", '",BK$2,"'),"),"") | BL161: =IF(M161=1,_xlfn.CONCAT("(",$AN161,", '",BL$2,"'),"),"") | BM161: =IF(AA161=1,_xlfn.CONCAT("(",$AN161,", '",BM$2,"'),"),"") | BN161: =IF(AB161=1,_xlfn.CONCAT("(",$AN161,", '",BN$2,"'),"),"") | BO161: =IF(Z161=1,_xlfn.CONCAT("(",$AN161,", '",BO$2,"'),"),"") -> (159, 'SINGLE_PHASE'),
A162: SIW300 M080 W00 | B162: WEG | C162: 150 | D162: 425 | E162: 376.5 | F162: 15 | G162: CONVECÇÃO NATURAL | H162: 1 | I162: 1 | J162: 0 | K162: 1 | L162: 0 | M162: 8000 | N162: 8800 | O162: 1 | P162: 3 | Q162: 600 | R162: 50 | S162: 560 | T162: 40 | U162: 560 | V162: 40 | W162: 360 | X162: 20 | Y162: 16 | Z162: 1 | AA162: 0 | AB162: 0 | AC162: 220 | AE162: 40 | AF162: 36.4 | AG162: 50 | AH162: 60 | AI162: -25 | AJ162: IP66 | AK162: TRANSFORMERLESS | AL162: 1 | AN162: 160 | AO162: 0 | AP162: =O162*P162 -> 3 | AR162: 1 | AS162: 0 | AT162: 0 | AU162: 1 | AW162: 1 | AY162: =IF(B162="WEG","1",IF(B162="HUAWEI","2",IF(B162="FOX ESS","3",IF(B162="GOODWE","4",IF(B162="PHB","5",IF(B162="ASTRONERGY","6",IF(B162="BYD","7",IF(B162="HUASUN","8",IF(B162="JA SOLAR","9",IF(B162="JINKO","10",IF(B162="LONGI","11",IF(B162="RISEN","12",IF(B162="SUNOVA","13",IF(B162="TALESUN","14",IF(B162="TRINA SOLAR","15","NÃO CADASTRADO"))))))))))))))) -> 1 | BA162: =_xlfn.CONCAT("('",A162,"', ",AY162,", ",SUBSTITUTE(D162,",","."),", ",SUBSTITUTE(E162,",","."),", ",SUBSTITUTE(C162,",","."),", ",SUBSTITUTE(F162,",","."),", ",AH162,", ",AI162,", '",G162,"', '",AJ162,"', '",AK162,"', ",M162,", ",N162,", ",AC162,", ",SUBSTITUTE(AF162,",","."),", ",SUBSTITUTE(AE162,",","."),", ",AG162,", ",P162,", ",AP162,", ",AL162,"),") -> ('SIW300 M080 W00', 1, 425, 376.5, 150, 15, 60, -25, 'CONVECÇÃO NATURAL', 'IP66', 'TRANSFORMERLESS', 8000, 8800, 220, 36.4, 40, 50, 3, 3, 1), | BB162: =_xlfn.CONCAT("(",AN162,", 0, ",O162,", ",Q162,", ",R162,", ",S162,", ",T162,", ",U162,", ",V162,", ",W162,", ",SUBSTITUTE(X162,",","."),", ",SUBSTITUTE(Y162,",","."),"), ") -> (160, 0, 1, 600, 50, 560, 40, 560, 40, 360, 20, 16), | BC162: =IF(AR162=1,_xlfn.CONCAT("(",$AN162,", 'ON-GRID'),"),"") -> (160, 'ON-GRID'), | BD162: =IF(AS162=1,_xlfn.CONCAT("(",$AN162,", 'OFF-GRID'),"),"") | BE162: =IF(AT162=1,_xlfn.CONCAT("(",$AN162,", 'GRIDZERO'),"),"") | BF162: =IF(AU162=1,_xlfn.CONCAT("(",$AN162,", 'HYBRID'),"),"") -> (160, 'HYBRID'), | BG162: =IF(H162=1,_xlfn.CONCAT("(",$AN162,", '",BG$2,"'),"),"") -> (160, 'WIFI'), | BH162: =IF(I162=1,_xlfn.CONCAT("(",$AN162,", '",BH$2,"'),"),"") -> (160, 'RS485'), | BI162: =IF(J162=1,_xlfn.CONCAT("(",$AN162,", '",BI$2,"'),"),"") | BJ162: =IF(K162=1,_xlfn.CONCAT("(",$AN162,", '",BJ$2,"'),"),"") -> (160, 'LED'), | BK162: =IF(L162=1,_xlfn.CONCAT("(",$AN162,", '",BK$2,"'),"),"") | BL162: =IF(M162=1,_xlfn.CONCAT("(",$AN162,", '",BL$2,"'),"),"") | BM162: =IF(AA162=1,_xlfn.CONCAT("(",$AN162,", '",BM$2,"'),"),"") | BN162: =IF(AB162=1,_xlfn.CONCAT("(",$AN162,", '",BN$2,"'),"),"") | BO162: =IF(Z162=1,_xlfn.CONCAT("(",$AN162,", '",BO$2,"'),"),"") -> (160, 'SINGLE_PHASE'),
A163: SIW300 M100 W00 | B163: WEG | C163: 150 | D163: 425 | E163: 376.5 | F163: 15 | G163: COOLER | H163: 1 | I163: 1 | J163: 0 | K163: 1 | L163: 0 | M163: 10000 | N163: 10000 | O163: 1 | P163: 3 | Q163: 600 | R163: 50 | S163: 560 | T163: 40 | U163: 560 | V163: 40 | W163: 360 | X163: 20 | Y163: 16 | Z163: 1 | AA163: 0 | AB163: 0 | AC163: 220 | AE163: 40 | AF163: 45.5 | AG163: 50 | AH163: 60 | AI163: -25 | AJ163: IP66 | AK163: TRANSFORMERLESS | AL163: 1 | AN163: 161 | AO163: 0 | AP163: =O163*P163 -> 3 | AR163: 1 | AS163: 0 | AT163: 0 | AU163: 1 | AW163: 1 | AY163: =IF(B163="WEG","1",IF(B163="HUAWEI","2",IF(B163="FOX ESS","3",IF(B163="GOODWE","4",IF(B163="PHB","5",IF(B163="ASTRONERGY","6",IF(B163="BYD","7",IF(B163="HUASUN","8",IF(B163="JA SOLAR","9",IF(B163="JINKO","10",IF(B163="LONGI","11",IF(B163="RISEN","12",IF(B163="SUNOVA","13",IF(B163="TALESUN","14",IF(B163="TRINA SOLAR","15","NÃO CADASTRADO"))))))))))))))) -> 1 | BA163: =_xlfn.CONCAT("('",A163,"', ",AY163,", ",SUBSTITUTE(D163,",","."),", ",SUBSTITUTE(E163,",","."),", ",SUBSTITUTE(C163,",","."),", ",SUBSTITUTE(F163,",","."),", ",AH163,", ",AI163,", '",G163,"', '",AJ163,"', '",AK163,"', ",M163,", ",N163,", ",AC163,", ",SUBSTITUTE(AF163,",","."),", ",SUBSTITUTE(AE163,",","."),", ",AG163,", ",P163,", ",AP163,", ",AL163,"),") -> ('SIW300 M100 W00', 1, 425, 376.5, 150, 15, 60, -25, 'COOLER', 'IP66', 'TRANSFORMERLESS', 10000, 10000, 220, 45.5, 40, 50, 3, 3, 1), | BB163: =_xlfn.CONCAT("(",AN163,", 0, ",O163,", ",Q163,", ",R163,", ",S163,", ",T163,", ",U163,", ",V163,", ",W163,", ",SUBSTITUTE(X163,",","."),", ",SUBSTITUTE(Y163,",","."),"), ") -> (161, 0, 1, 600, 50, 560, 40, 560, 40, 360, 20, 16), | BC163: =IF(AR163=1,_xlfn.CONCAT("(",$AN163,", 'ON-GRID'),"),"") -> (161, 'ON-GRID'), | BD163: =IF(AS163=1,_xlfn.CONCAT("(",$AN163,", 'OFF-GRID'),"),"") | BE163: =IF(AT163=1,_xlfn.CONCAT("(",$AN163,", 'GRIDZERO'),"),"") | BF163: =IF(AU163=1,_xlfn.CONCAT("(",$AN163,", 'HYBRID'),"),"") -> (161, 'HYBRID'), | BG163: =IF(H163=1,_xlfn.CONCAT("(",$AN163,", '",BG$2,"'),"),"") -> (161, 'WIFI'), | BH163: =IF(I163=1,_xlfn.CONCAT("(",$AN163,", '",BH$2,"'),"),"") -> (161, 'RS485'), | BI163: =IF(J163=1,_xlfn.CONCAT("(",$AN163,", '",BI$2,"'),"),"") | BJ163: =IF(K163=1,_xlfn.CONCAT("(",$AN163,", '",BJ$2,"'),"),"") -> (161, 'LED'), | BK163: =IF(L163=1,_xlfn.CONCAT("(",$AN163,", '",BK$2,"'),"),"") | BL163: =IF(M163=1,_xlfn.CONCAT("(",$AN163,", '",BL$2,"'),"),"") | BM163: =IF(AA163=1,_xlfn.CONCAT("(",$AN163,", '",BM$2,"'),"),"") | BN163: =IF(AB163=1,_xlfn.CONCAT("(",$AN163,", '",BN$2,"'),"),"") | BO163: =IF(Z163=1,_xlfn.CONCAT("(",$AN163,", '",BO$2,"'),"),"") -> (161, 'SINGLE_PHASE'),
... A203: SIW500G T075 W0 | B203: WEG | C203: 365 | D203: 1035 | E203: 700 | F203: 90 | G203: COOLER | H203: 0 | I203: 1 | J203: 0 | K203: 1 | L203: 1 | M203: 75000 | N203: 75000 | O203: 2 | P203: 10 | Q203: 1100 | R203: 200 | S203: 1000 | T203: 200 | U203: 800 | V203: 540 | W203: 600 | X203: 40 | Y203: 30 | Z203: 0 | AA203: 1 | AB203: 1 | AC203: 380 | AE203: 113.6 | AF203: 113.6 | AG203: 50 | AH203: 60 | AI203: -30 | AJ203: IP66 | AK203: TRANSFORMERLESS | AL203: 1 | AN203: 201 | AO203: 0 | AP203: =O203*P203 -> 20 | AR203: 1 | AS203: 0 | AT203: 1 | AU203: 0 | AW203: 0 | AY203: =IF(B203="WEG","1",IF(B203="HUAWEI","2",IF(B203="FOX ESS","3",IF(B203="GOODWE","4",IF(B203="PHB","5",IF(B203="ASTRONERGY","6",IF(B203="BYD","7",IF(B203="HUASUN","8",IF(B203="JA SOLAR","9",IF(B203="JINKO","10",IF(B203="LONGI","11",IF(B203="RISEN","12",IF(B203="SUNOVA","13",IF(B203="TALESUN","14",IF(B203="TRINA SOLAR","15","NÃO CADASTRADO"))))))))))))))) -> 1 | BA203: =_xlfn.CONCAT("('",A203,"', ",AY203,", ",SUBSTITUTE(D203,",","."),", ",SUBSTITUTE(E203,",","."),", ",SUBSTITUTE(C203,",","."),", ",SUBSTITUTE(F203,",","."),", ",AH203,", ",AI203,", '",G203,"', '",AJ203,"', '",AK203,"', ",M203,", ",N203,", ",AC203,", ",SUBSTITUTE(AF203,",","."),", ",SUBSTITUTE(AE203,",","."),", ",AG203,", ",P203,", ",AP203,", ",AL203,"),") -> ('SIW500G T075 W0', 1, 1035, 700, 365, 90, 60, -30, 'COOLER', 'IP66', 'TRANSFORMERLESS', 75000, 75000, 380, 113.6, 113.6, 50, 10, 20, 1), | BB203: =_xlfn.CONCAT("(",AN203,", 0, ",O203,", ",Q203,", ",R203,", ",S203,", ",T203,", ",U203,", ",V203,", ",W203,", ",SUBSTITUTE(X203,",","."),", ",SUBSTITUTE(Y203,",","."),"), ") -> (201, 0, 2, 1100, 200, 1000, 200, 800, 540, 600, 40, 30), | BC203: =IF(AR203=1,_xlfn.CONCAT("(",$AN203,", 'ON-GRID'),"),"") -> (201, 'ON-GRID'), | BD203: =IF(AS203=1,_xlfn.CONCAT("(",$AN203,", 'OFF-GRID'),"),"") | BE203: =IF(AT203=1,_xlfn.CONCAT("(",$AN203,", 'GRIDZERO'),"),"") -> (201, 'GRIDZERO'), | BF203: =IF(AU203=1,_xlfn.CONCAT("(",$AN203,", 'HYBRID'),"),"") | BG203: =IF(H203=1,_xlfn.CONCAT("(",$AN203,", '",BG$2,"'),"),"") | BH203: =IF(I203=1,_xlfn.CONCAT("(",$AN203,", '",BH$2,"'),"),"") -> (201, 'RS485'), | BI203: =IF(J203=1,_xlfn.CONCAT("(",$AN203,", '",BI$2,"'),"),"") | BJ203: =IF(K203=1,_xlfn.CONCAT("(",$AN203,", '",BJ$2,"'),"),"") -> (201, 'LED'), | BK203: =IF(L203=1,_xlfn.CONCAT("(",$AN203,", '",BK$2,"'),"),"") -> (201, 'USB'), | BL203: =IF(M203=1,_xlfn.CONCAT("(",$AN203,", '",BL$2,"'),"),"") | BM203: =IF(AA203=1,_xlfn.CONCAT("(",$AN203,", '",BM$2,"'),"),"") -> (201, 'THREE_PHASE_THREE_WIRE'), | BN203: =IF(AB203=1,_xlfn.CONCAT("(",$AN203,", '",BN$2,"'),"),"") -> (201, 'THREE_PHASE_FOUR_WIRE'), | BO203: =IF(Z203=1,_xlfn.CONCAT("(",$AN203,", '",BO$2,"'),"),"")
A204: SIW500G T100 W0 | B204: WEG | C204: 365 | D204: 1035 | E204: 700 | F204: 93 | G204: COOLER | H204: 0 | I204: 1 | J204: 0 | K204: 1 | L204: 1 | M204: 100000 | N204: 110000 | O204: 2 | P204: 10 | Q204: 1100 | R204: 200 | S204: 1000 | T204: 200 | U204: 800 | V204: 540 | W204: 600 | X204: 40 | Y204: 30 | Z204: 0 | AA204: 1 | AB204: 1 | AC204: 380 | AE204: 168.8 | AF204: 152 | AG204: 50 | AH204: 60 | AI204: -30 | AJ204: IP66 | AK204: TRANSFORMERLESS | AL204: 1 | AN204: 202 | AO204: 14 | AP204: =O204*P204 -> 20 | AR204: 1 | AS204: 0 | AT204: 1 | AU204: 0 | AW204: 0 | AY204: =IF(B204="WEG","1",IF(B204="HUAWEI","2",IF(B204="FOX ESS","3",IF(B204="GOODWE","4",IF(B204="PHB","5",IF(B204="ASTRONERGY","6",IF(B204="BYD","7",IF(B204="HUASUN","8",IF(B204="JA SOLAR","9",IF(B204="JINKO","10",IF(B204="LONGI","11",IF(B204="RISEN","12",IF(B204="SUNOVA","13",IF(B204="TALESUN","14",IF(B204="TRINA SOLAR","15","NÃO CADASTRADO"))))))))))))))) -> 1 | BA204: =_xlfn.CONCAT("('",A204,"', ",AY204,", ",SUBSTITUTE(D204,",","."),", ",SUBSTITUTE(E204,",","."),", ",SUBSTITUTE(C204,",","."),", ",SUBSTITUTE(F204,",","."),", ",AH204,", ",AI204,", '",G204,"', '",AJ204,"', '",AK204,"', ",M204,", ",N204,", ",AC204,", ",SUBSTITUTE(AF204,",","."),", ",SUBSTITUTE(AE204,",","."),", ",AG204,", ",P204,", ",AP204,", ",AL204,"),") -> ('SIW500G T100 W0', 1, 1035, 700, 365, 93, 60, -30, 'COOLER', 'IP66', 'TRANSFORMERLESS', 100000, 110000, 380, 152, 168.8, 50, 10, 20, 1), | BB204: =_xlfn.CONCAT("(",AN204,", ",AO204,", ",O204,", ",Q204,", ",R204,", ",S204,", ",T204,", ",U204,", ",V204,", ",W204,", ",SUBSTITUTE(X204,",","."),", ",SUBSTITUTE(Y204,",","."),"), ") -> (202, 14, 2, 1100, 200, 1000, 200, 800, 540, 600, 40, 30), | BC204: =IF(AR204=1,_xlfn.CONCAT("(",$AN204,", 'ON-GRID'),"),"") -> (202, 'ON-GRID'), | BD204: =IF(AS204=1,_xlfn.CONCAT("(",$AN204,", 'OFF-GRID'),"),"") | BE204: =IF(AT204=1,_xlfn.CONCAT("(",$AN204,", 'GRIDZERO'),"),"") -> (202, 'GRIDZERO'), | BF204: =IF(AU204=1,_xlfn.CONCAT("(",$AN204,", 'HYBRID'),"),"") | BG204: =IF(H204=1,_xlfn.CONCAT("(",$AN204,", '",BG$2,"'),"),"") | BH204: =IF(I204=1,_xlfn.CONCAT("(",$AN204,", '",BH$2,"'),"),"") -> (202, 'RS485'), | BI204: =IF(J204=1,_xlfn.CONCAT("(",$AN204,", '",BI$2,"'),"),"") | BJ204: =IF(K204=1,_xlfn.CONCAT("(",$AN204,", '",BJ$2,"'),"),"") -> (202, 'LED'), | BK204: =IF(L204=1,_xlfn.CONCAT("(",$AN204,", '",BK$2,"'),"),"") -> (202, 'USB'), | BL204: =IF(M204=1,_xlfn.CONCAT("(",$AN204,", '",BL$2,"'),"),"") | BM204: =IF(AA204=1,_xlfn.CONCAT("(",$AN204,", '",BM$2,"'),"),"") -> (202, 'THREE_PHASE_THREE_WIRE'), | BN204: =IF(AB204=1,_xlfn.CONCAT("(",$AN204,", '",BN$2,"'),"),"") -> (202, 'THREE_PHASE_FOUR_WIRE'), | BO204: =IF(Z204=1,_xlfn.CONCAT("(",$AN204,", '",BO$2,"'),"),"")
